Type,Days for shipping (real),Days for shipment (scheduled),Benefit per order,Sales per customer,Delivery Status,Late_delivery_risk,Category Id,Category Name,Customer City,Customer Country,Customer Id,Customer Segment,Customer State,Customer Zipcode,Department Id,Department Name,Latitude,Longitude,Market,Order City,Order Country,Order Customer Id,Order Id,Order Item Cardprod Id,Order Item Discount,Order Item Discount Rate,Order Item Id,Order Item Product Price,Order Item Profit Ratio,Order Item Quantity,Sales,Order Item Total,Order Profit Per Order,Order Region,Order State,Order Status,Product Card Id,Product Category Id,Product Name,Product Price,Product Status,Shipping Mode,order_date,shipping_date,shipping_delay_days
DEBIT,3,4,91.25,314.6400146,Advance shipping,0,73,Sporting Goods,Caguas,Puerto Rico,20755,Consumer,PR,725.0,2,Fitness,18.2514534,-66.03705597,Pacific Asia,Bekasi,Indonesia,20755,77202,1360,13.10999966,0.039999999,180517,327.75,0.289999992,1,327.75,314.6400146,91.25,Southeast Asia,Java Occidental,COMPLETE,1360,73,Smart watch ,327.75,0,Standard Class,2018-01-31 22:56:00,2018-02-03 22:56:00,-1
TRANSFER,5,4,-249.0899963,311.3599854,Late delivery,1,73,Sporting Goods,Caguas,Puerto Rico,19492,Consumer,PR,725.0,2,Fitness,18.27945137,-66.0370636,Pacific Asia,Bikaner,India,19492,75939,1360,16.38999939,0.050000001,179254,327.75,-0.800000012,1,327.75,311.3599854,-249.0899963,South Asia,Rajastán,PENDING,1360,73,Smart watch ,327.75,0,Standard Class,2018-01-13 12:27:00,2018-01-18 12:27:00,1
CASH,4,4,-247.7799988,309.7200012,Shipping on time,0,73,Sporting Goods,San Jose,EE. UU.,19491,Consumer,CA,95125.0,2,Fitness,37.29223251,-121.881279,Pacific Asia,Bikaner,India,19491,75938,1360,18.03000069,0.059999999,179253,327.75,-0.800000012,1,327.75,309.7200012,-247.7799988,South Asia,Rajastán,CLOSED,1360,73,Smart watch ,327.75,0,Standard Class,2018-01-13 12:06:00,2018-01-17 12:06:00,0
DEBIT,3,4,22.86000061,304.8099976,Advance shipping,0,73,Sporting Goods,Los Angeles,EE. UU.,19490,Home Office,CA,90027.0,2,Fitness,34.12594605,-118.2910156,Pacific Asia,Townsville,Australia,19490,75937,1360,22.94000053,0.07,179252,327.75,0.079999998,1,327.75,304.8099976,22.86000061,Oceania,Queensland,COMPLETE,1360,73,Smart watch ,327.75,0,Standard Class,2018-01-13 11:45:00,2018-01-16 11:45:00,-1
PAYMENT,2,4,134.2100067,298.25,Advance shipping,0,73,Sporting Goods,Caguas,Puerto Rico,19489,Corporate,PR,725.0,2,Fitness,18.25376892,-66.03704834,Pacific Asia,Townsville,Australia,19489,75936,1360,29.5,0.090000004,179251,327.75,0.449999988,1,327.75,298.25,134.2100067,Oceania,Queensland,PENDING_PAYMENT,1360,73,Smart watch ,327.75,0,Standard Class,2018-01-13 11:24:00,2018-01-15 11:24:00,-2
TRANSFER,6,4,18.57999992,294.980011,Shipping canceled,0,73,Sporting Goods,Tonawanda,EE. UU.,19488,Consumer,NY,14150.0,2,Fitness,43.01396942,-78.87906647,Pacific Asia,Toowoomba,Australia,19488,75935,1360,32.77999878,0.100000001,179250,327.75,0.059999999,1,327.75,294.980011,18.57999992,Oceania,Queensland,CANCELED,1360,73,Smart watch ,327.75,0,Standard Class,2018-01-13 11:03:00,2018-01-19 11:03:00,2
DEBIT,2,1,95.18000031,288.4200134,Late delivery,1,73,Sporting Goods,Caguas,Puerto Rico,19487,Home Office,PR,725.0,2,Fitness,18.24253845,-66.03705597,Pacific Asia,Guangzhou,China,19487,75934,1360,39.33000183,0.119999997,179249,327.75,0.330000013,1,327.75,288.4200134,95.18000031,Eastern Asia,Guangdong,COMPLETE,1360,73,Smart watch ,327.75,0,First Class,2018-01-13 10:42:00,2018-01-15 10:42:00,1
TRANSFER,2,1,68.43000031,285.1400146,Late delivery,1,73,Sporting Goods,Miami,EE. UU.,19486,Corporate,FL,33162.0,2,Fitness,25.92886925,-80.16287231,Pacific Asia,Guangzhou,China,19486,75933,1360,42.61000061,0.129999995,179248,327.75,0.239999995,1,327.75,285.1400146,68.43000031,Eastern Asia,Guangdong,PROCESSING,1360,73,Smart watch ,327.75,0,First Class,2018-01-13 10:21:00,2018-01-15 10:21:00,1
CASH,3,2,133.7200012,278.5899963,Late delivery,1,73,Sporting Goods,Caguas,Puerto Rico,19485,Corporate,PR,725.0,2,Fitness,18.23322296,-66.03705597,Pacific Asia,Guangzhou,China,19485,75932,1360,49.15999985,0.150000006,179247,327.75,0.479999989,1,327.75,278.5899963,133.7200012,Eastern Asia,Guangdong,CLOSED,1360,73,Smart watch ,327.75,0,Second Class,2018-01-13 10:00:00,2018-01-16 10:00:00,1
CASH,2,1,132.1499939,275.3099976,Late delivery,1,73,Sporting Goods,San Ramon,EE. UU.,19484,Corporate,CA,94583.0,2,Fitness,37.77399063,-121.966629,Pacific Asia,Guangzhou,China,19484,75931,1360,52.43999863,0.159999996,179246,327.75,0.479999989,1,327.75,275.3099976,132.1499939,Eastern Asia,Guangdong,CLOSED,1360,73,Smart watch ,327.75,0,First Class,2018-01-13 09:39:00,2018-01-15 09:39:00,1
TRANSFER,6,2,130.5800018,272.0299988,Shipping canceled,0,73,Sporting Goods,Caguas,Puerto Rico,19483,Corporate,PR,725.0,2,Fitness,18.28284454,-66.03705597,Pacific Asia,Tokio,Japón,19483,75930,1360,55.72000122,0.170000002,179245,327.75,0.479999989,1,327.75,272.0299988,130.5800018,Eastern Asia,Tokio,SUSPECTED_FRAUD,1360,73,Smart watch ,327.75,0,Second Class,2018-01-13 09:18:00,2018-01-19 09:18:00,4
TRANSFER,5,2,45.68999863,268.7600098,Late delivery,1,73,Sporting Goods,Freeport,EE. UU.,19482,Consumer,NY,11520.0,2,Fitness,40.65486527,-73.58707428,Pacific Asia,Manado,Indonesia,19482,75929,1360,59.0,0.180000007,179244,327.75,0.170000002,1,327.75,268.7600098,45.68999863,Southeast Asia,Célebes Septentrional,PENDING,1360,73,Smart watch ,327.75,0,Second Class,2018-01-13 08:57:00,2018-01-18 08:57:00,3
TRANSFER,4,2,21.76000023,262.2000122,Late delivery,1,73,Sporting Goods,Salinas,EE. UU.,19481,Corporate,CA,93905.0,2,Fitness,36.6763382,-121.656517,Pacific Asia,Manado,Indonesia,19481,75928,1360,65.55000305,0.200000003,179243,327.75,0.079999998,1,327.75,262.2000122,21.76000023,Southeast Asia,Célebes Septentrional,PENDING,1360,73,Smart watch ,327.75,0,Second Class,2018-01-13 08:36:00,2018-01-17 08:36:00,2
DEBIT,2,1,24.57999992,245.8099976,Late delivery,1,73,Sporting Goods,Caguas,Puerto Rico,19480,Corporate,PR,725.0,2,Fitness,18.27843857,-66.03705597,Pacific Asia,Sangli,India,19480,75927,1360,81.94000244,0.25,179242,327.75,0.100000001,1,327.75,245.8099976,24.57999992,South Asia,Maharashtra,COMPLETE,1360,73,Smart watch ,327.75,0,First Class,2018-01-13 08:15:00,2018-01-15 08:15:00,1
TRANSFER,2,1,16.38999939,327.75,Late delivery,1,73,Sporting Goods,Peabody,EE. UU.,19479,Corporate,MA,1960.0,2,Fitness,42.52627564,-70.92703247,Pacific Asia,Sangli,India,19479,75926,1360,0.0,0.0,179241,327.75,0.050000001,1,327.75,327.75,16.38999939,South Asia,Maharashtra,PROCESSING,1360,73,Smart watch ,327.75,0,First Class,2018-01-13 07:54:00,2018-01-15 07:54:00,1
DEBIT,2,1,-259.5799866,324.4700012,Late delivery,1,73,Sporting Goods,Caguas,Puerto Rico,19478,Corporate,PR,725.0,2,Fitness,18.28404999,-66.03705597,Pacific Asia,Sangli,India,19478,75925,1360,3.279999971,0.01,179240,327.75,-0.800000012,1,327.75,324.4700012,-259.5799866,South Asia,Maharashtra,COMPLETE,1360,73,Smart watch ,327.75,0,First Class,2018-01-13 07:33:00,2018-01-15 07:33:00,1
PAYMENT,5,2,-246.3600006,321.2000122,Late delivery,1,73,Sporting Goods,Canovanas,Puerto Rico,19477,Corporate,PR,729.0,2,Fitness,18.3957901,-65.87288666,Pacific Asia,Seúl,Corea del Sur,19477,75924,1360,6.559999943,0.02,179239,327.75,-0.769999981,1,327.75,321.2000122,-246.3600006,Eastern Asia,Seúl,PENDING_PAYMENT,1360,73,Smart watch ,327.75,0,Second Class,2018-01-13 07:12:00,2018-01-18 07:12:00,3
CASH,2,1,23.84000015,317.9200134,Late delivery,1,73,Sporting Goods,Paramount,EE. UU.,19476,Corporate,CA,90723.0,2,Fitness,33.89869309,-118.1745605,Pacific Asia,Jabalpur,India,19476,75923,1360,9.829999924,0.029999999,179238,327.75,0.079999998,1,327.75,317.9200134,23.84000015,South Asia,Madhya Pradesh,CLOSED,1360,73,Smart watch ,327.75,0,First Class,2018-01-13 06:51:00,2018-01-15 06:51:00,1
DEBIT,2,1,102.2600021,314.6400146,Late delivery,1,73,Sporting Goods,Caguas,Puerto Rico,19475,Consumer,PR,725.0,2,Fitness,18.233778,-66.0370636,Pacific Asia,Jabalpur,India,19475,75922,1360,13.10999966,0.039999999,179237,327.75,0.330000013,1,327.75,314.6400146,102.2600021,South Asia,Madhya Pradesh,COMPLETE,1360,73,Smart watch ,327.75,0,First Class,2018-01-13 06:30:00,2018-01-15 06:30:00,1
PAYMENT,0,0,87.18000031,311.3599854,Shipping on time,0,73,Sporting Goods,Mount Prospect,EE. UU.,19474,Consumer,IL,60056.0,2,Fitness,42.04830551,-87.96134186,Pacific Asia,Jabalpur,India,19474,75921,1360,16.38999939,0.050000001,179236,327.75,0.280000001,1,327.75,311.3599854,87.18000031,South Asia,Madhya Pradesh,PENDING_PAYMENT,1360,73,Smart watch ,327.75,0,Same Day,2018-01-13 06:09:00,2018-01-13 18:09:00,0
TRANSFER,0,0,154.8600006,309.7200012,Shipping on time,0,73,Sporting Goods,Long Beach,EE. UU.,19473,Corporate,CA,90813.0,2,Fitness,33.78245163,-118.1922455,Pacific Asia,Jabalpur,India,19473,75920,1360,18.03000069,0.059999999,179235,327.75,0.5,1,327.75,309.7200012,154.8600006,South Asia,Madhya Pradesh,PROCESSING,1360,73,Smart watch ,327.75,0,Same Day,2018-01-13 05:48:00,2018-01-13 17:48:00,0
TRANSFER,5,4,82.30000305,304.8099976,Late delivery,1,73,Sporting Goods,Caguas,Puerto Rico,19472,Corporate,PR,725.0,2,Fitness,18.28337669,-66.03705597,Pacific Asia,Jabalpur,India,19472,75919,1360,22.94000053,0.07,179234,327.75,0.270000011,1,327.75,304.8099976,82.30000305,South Asia,Madhya Pradesh,PENDING,1360,73,Smart watch ,327.75,0,Standard Class,2018-01-13 05:27:00,2018-01-18 05:27:00,1
TRANSFER,4,2,22.37000084,298.25,Late delivery,1,73,Sporting Goods,Rancho Cordova,EE. UU.,19471,Corporate,CA,95670.0,2,Fitness,38.61177445,-121.2828674,Pacific Asia,Geelong,Australia,19471,75918,1360,29.5,0.090000004,179233,327.75,0.079999998,1,327.75,298.25,22.37000084,Oceania,Victoria,PENDING,1360,73,Smart watch ,327.75,0,Second Class,2018-01-13 05:06:00,2018-01-17 05:06:00,2
TRANSFER,3,2,17.70000076,294.980011,Shipping canceled,0,73,Sporting Goods,Caguas,Puerto Rico,19470,Corporate,PR,725.0,2,Fitness,18.20733643,-66.03705597,Pacific Asia,Geelong,Australia,19470,75917,1360,32.77999878,0.100000001,179232,327.75,0.059999999,1,327.75,294.980011,17.70000076,Oceania,Victoria,CANCELED,1360,73,Smart watch ,327.75,0,Second Class,2018-01-13 04:45:00,2018-01-16 04:45:00,1
TRANSFER,2,2,90.27999878,288.4200134,Shipping canceled,0,73,Sporting Goods,Billings,EE. UU.,19469,Corporate,MT,59102.0,2,Fitness,45.78831101,-108.5594101,Pacific Asia,Brisbane,Australia,19469,75916,1360,39.33000183,0.119999997,179231,327.75,0.310000002,1,327.75,288.4200134,90.27999878,Oceania,Queensland,SUSPECTED_FRAUD,1360,73,Smart watch ,327.75,0,Second Class,2018-01-13 04:24:00,2018-01-15 04:24:00,0
DEBIT,6,2,131.1699982,285.1400146,Late delivery,1,73,Sporting Goods,Caguas,Puerto Rico,19468,Corporate,PR,725.0,2,Fitness,18.26163292,-66.03705597,Pacific Asia,Mandurah,Australia,19468,75915,1360,42.61000061,0.129999995,179230,327.75,0.460000008,1,327.75,285.1400146,131.1699982,Oceania,Australia Occidental,COMPLETE,1360,73,Smart watch ,327.75,0,Second Class,2018-01-13 04:03:00,2018-01-19 04:03:00,4
TRANSFER,5,2,90.54000092,278.5899963,Late delivery,1,73,Sporting Goods,Wilkes Barre,EE. UU.,19467,Consumer,PA,18702.0,2,Fitness,41.23545456,-75.86985779,Pacific Asia,Mandurah,Australia,19467,75914,1360,49.15999985,0.150000006,179229,327.75,0.330000013,1,327.75,278.5899963,90.54000092,Oceania,Australia Occidental,PENDING,1360,73,Smart watch ,327.75,0,Second Class,2018-01-13 03:42:00,2018-01-18 03:42:00,3
PAYMENT,4,4,82.58999634,275.3099976,Shipping on time,0,73,Sporting Goods,Caguas,Puerto Rico,19466,Corporate,PR,725.0,2,Fitness,18.27022362,-66.0370636,Pacific Asia,Guilin,China,19466,75913,1360,52.43999863,0.159999996,179228,327.75,0.300000012,1,327.75,275.3099976,82.58999634,Eastern Asia,Guangxi,PENDING_PAYMENT,1360,73,Smart watch ,327.75,0,Standard Class,2018-01-13 03:21:00,2018-01-17 03:21:00,0
DEBIT,3,4,-17.13999939,272.0299988,Advance shipping,0,73,Sporting Goods,Roseville,EE. UU.,19465,Corporate,MI,48066.0,2,Fitness,41.86886215,-84.57365418,Pacific Asia,Guilin,China,19465,75912,1360,55.72000122,0.170000002,179227,327.75,-0.059999999,1,327.75,272.0299988,-17.13999939,Eastern Asia,Guangxi,COMPLETE,1360,73,Smart watch ,327.75,0,Standard Class,2018-01-13 03:00:00,2018-01-16 03:00:00,-1
TRANSFER,2,4,23.64999962,268.7600098,Advance shipping,0,73,Sporting Goods,Bellflower,EE. UU.,19464,Consumer,CA,90706.0,2,Fitness,33.90942383,-118.1253586,Pacific Asia,Guilin,China,19464,75911,1360,59.0,0.180000007,179226,327.75,0.090000004,1,327.75,268.7600098,23.64999962,Eastern Asia,Guangxi,PROCESSING,1360,73,Smart watch ,327.75,0,Standard Class,2018-01-13 02:39:00,2018-01-15 02:39:00,-2
DEBIT,6,4,73.41999817,262.2000122,Late delivery,1,73,Sporting Goods,Caguas,Puerto Rico,19463,Consumer,PR,725.0,2,Fitness,18.27526093,-66.0370636,Pacific Asia,Guilin,China,19463,75910,1360,65.55000305,0.200000003,179225,327.75,0.280000001,1,327.75,262.2000122,73.41999817,Eastern Asia,Guangxi,ON_HOLD,1360,73,Smart watch ,327.75,0,Standard Class,2018-01-13 02:18:00,2018-01-19 02:18:00,2
DEBIT,5,4,113.0699997,245.8099976,Late delivery,1,73,Sporting Goods,Wheaton,EE. UU.,19462,Consumer,IL,60187.0,2,Fitness,41.86544037,-88.10990143,Pacific Asia,Delhi,India,19462,75909,1360,81.94000244,0.25,179224,327.75,0.460000008,1,327.75,245.8099976,113.0699997,South Asia,Delhi,COMPLETE,1360,73,Smart watch ,327.75,0,Standard Class,2018-01-13 01:57:00,2018-01-18 01:57:00,1
PAYMENT,4,4,24.57999992,327.75,Shipping on time,0,73,Sporting Goods,Caguas,Puerto Rico,19461,Consumer,PR,725.0,2,Fitness,18.28713608,-66.03705597,Pacific Asia,Delhi,India,19461,75908,1360,0.0,0.0,179223,327.75,0.079999998,1,327.75,327.75,24.57999992,South Asia,Delhi,PENDING_PAYMENT,1360,73,Smart watch ,327.75,0,Standard Class,2018-01-13 01:36:00,2018-01-17 01:36:00,0
DEBIT,2,1,-97.33999634,324.4700012,Late delivery,1,73,Sporting Goods,Detroit,EE. UU.,19460,Consumer,MI,48238.0,2,Fitness,42.39110184,-83.13121796,Pacific Asia,Suzhou,China,19460,75907,1360,3.279999971,0.01,179222,327.75,-0.300000012,1,327.75,324.4700012,-97.33999634,Eastern Asia,Gansu,COMPLETE,1360,73,Smart watch ,327.75,0,First Class,2018-01-13 01:15:00,2018-01-15 01:15:00,1
PAYMENT,2,1,-425.5799866,321.2000122,Late delivery,1,73,Sporting Goods,Dallas,EE. UU.,19459,Consumer,TX,75220.0,2,Fitness,32.86539459,-96.86858368,Pacific Asia,Suzhou,China,19459,75906,1360,6.559999943,0.02,179221,327.75,-1.330000043,1,327.75,321.2000122,-425.5799866,Eastern Asia,Gansu,PENDING_PAYMENT,1360,73,Smart watch ,327.75,0,First Class,2018-01-13 00:54:00,2018-01-15 00:54:00,1
PAYMENT,2,1,152.6000061,317.9200134,Late delivery,1,73,Sporting Goods,Caguas,Puerto Rico,19458,Corporate,PR,725.0,2,Fitness,18.24074173,-66.03705597,Pacific Asia,Singapur,Singapur,19458,75905,1360,9.829999924,0.029999999,179220,327.75,0.479999989,1,327.75,317.9200134,152.6000061,Southeast Asia,Singapur,PENDING_PAYMENT,1360,73,Smart watch ,327.75,0,First Class,2018-01-13 00:33:00,2018-01-15 00:33:00,1
CASH,2,1,151.0299988,314.6400146,Late delivery,1,73,Sporting Goods,Carlisle,EE. UU.,19457,Corporate,PA,17013.0,2,Fitness,40.03171921,-76.87709808,Pacific Asia,Hubli,India,19457,75904,1360,13.10999966,0.039999999,179219,327.75,0.479999989,1,327.75,314.6400146,151.0299988,South Asia,Karnataka,CLOSED,1360,73,Smart watch ,327.75,0,First Class,2018-01-13 00:12:00,2018-01-15 00:12:00,1
DEBIT,2,1,62.27000046,311.3599854,Late delivery,1,73,Sporting Goods,Dallas,EE. UU.,19456,Corporate,TX,75228.0,2,Fitness,32.81010819,-96.68649292,Pacific Asia,Wollongong,Australia,19456,75903,1360,16.38999939,0.050000001,179218,327.75,0.200000003,1,327.75,311.3599854,62.27000046,Oceania,Nueva Gales del Sur,COMPLETE,1360,73,Smart watch ,327.75,0,First Class,2018-01-12 23:51:00,2018-01-14 23:51:00,1
DEBIT,1,0,35.0,309.7200012,Late delivery,1,73,Sporting Goods,Caguas,Puerto Rico,19455,Consumer,PR,725.0,2,Fitness,18.28604889,-66.03705597,Pacific Asia,Wollongong,Australia,19455,75902,1360,18.03000069,0.059999999,179217,327.75,0.109999999,1,327.75,309.7200012,35.0,Oceania,Nueva Gales del Sur,COMPLETE,1360,73,Smart watch ,327.75,0,Same Day,2018-01-12 23:30:00,2018-01-13 11:30:00,1
TRANSFER,1,0,57.29999924,304.8099976,Shipping canceled,0,73,Sporting Goods,Newark,EE. UU.,19454,Consumer,DE,19702.0,2,Fitness,39.68188095,-75.64421082,Pacific Asia,Wollongong,Australia,19454,75901,1360,22.94000053,0.07,179216,327.75,0.189999998,1,327.75,304.8099976,57.29999924,Oceania,Nueva Gales del Sur,CANCELED,1360,73,Smart watch ,327.75,0,Same Day,2018-01-12 23:09:00,2018-01-13 11:09:00,1
PAYMENT,1,0,143.1600037,298.25,Late delivery,1,73,Sporting Goods,Panorama City,EE. UU.,19453,Consumer,CA,91402.0,2,Fitness,34.15893936,-118.1809387,Pacific Asia,Singapur,Singapur,19453,75900,1360,29.5,0.090000004,179215,327.75,0.479999989,1,327.75,298.25,143.1600037,Southeast Asia,Singapur,PENDING_PAYMENT,1360,73,Smart watch ,327.75,0,Same Day,2018-01-12 22:48:00,2018-01-13 10:48:00,1
DEBIT,1,0,135.6900024,294.980011,Late delivery,1,73,Sporting Goods,Caguas,Puerto Rico,19452,Home Office,PR,725.0,2,Fitness,18.28294563,-66.0370636,Pacific Asia,Singapur,Singapur,19452,75899,1360,32.77999878,0.100000001,179214,327.75,0.460000008,1,327.75,294.980011,135.6900024,Southeast Asia,Singapur,COMPLETE,1360,73,Smart watch ,327.75,0,Same Day,2018-01-12 22:27:00,2018-01-13 10:27:00,1
CASH,4,4,132.6699982,288.4200134,Shipping on time,0,73,Sporting Goods,Atlanta,EE. UU.,19451,Home Office,GA,30318.0,2,Fitness,33.81632614,-84.44550324,Pacific Asia,Medan,Indonesia,19451,75898,1360,39.33000183,0.119999997,179213,327.75,0.460000008,1,327.75,288.4200134,132.6699982,Southeast Asia,Sumatra Septentrional,CLOSED,1360,73,Smart watch ,327.75,0,Standard Class,2018-01-12 22:05:00,2018-01-16 22:05:00,0
PAYMENT,3,4,119.7600021,285.1400146,Advance shipping,0,73,Sporting Goods,Caguas,Puerto Rico,19450,Home Office,PR,725.0,2,Fitness,18.24103928,-66.0370636,Pacific Asia,Medan,Indonesia,19450,75897,1360,42.61000061,0.129999995,179212,327.75,0.419999987,1,327.75,285.1400146,119.7600021,Southeast Asia,Sumatra Septentrional,PENDING_PAYMENT,1360,73,Smart watch ,327.75,0,Standard Class,2018-01-12 21:44:00,2018-01-15 21:44:00,-1
DEBIT,2,4,31.47999954,278.5899963,Advance shipping,0,73,Sporting Goods,Fremont,EE. UU.,19449,Consumer,CA,94539.0,2,Fitness,37.49027634,-121.9271088,Pacific Asia,Canberra,Australia,19449,75896,1360,49.15999985,0.150000006,179211,327.75,0.109999999,1,327.75,278.5899963,31.47999954,Oceania,Territorio de la Capital Australiana,COMPLETE,1360,73,Smart watch ,327.75,0,Standard Class,2018-01-12 21:23:00,2018-01-14 21:23:00,-2
TRANSFER,6,4,86.16999817,275.3099976,Late delivery,1,73,Sporting Goods,Caguas,Puerto Rico,19448,Corporate,PR,725.0,2,Fitness,18.26469612,-66.03705597,Pacific Asia,Bangalore,India,19448,75895,1360,52.43999863,0.159999996,179210,327.75,0.310000002,1,327.75,275.3099976,86.16999817,South Asia,Karnataka,PENDING,1360,73,Smart watch ,327.75,0,Standard Class,2018-01-12 21:02:00,2018-01-18 21:02:00,2
TRANSFER,5,2,130.5800018,272.0299988,Late delivery,1,73,Sporting Goods,Rochester,EE. UU.,19447,Corporate,NY,14609.0,2,Fitness,43.18824005,-77.56706238,Pacific Asia,Bangalore,India,19447,75894,1360,55.72000122,0.170000002,179209,327.75,0.479999989,1,327.75,272.0299988,130.5800018,South Asia,Karnataka,PENDING,1360,73,Smart watch ,327.75,0,Second Class,2018-01-12 20:41:00,2018-01-17 20:41:00,3
TRANSFER,4,4,0.0,268.7600098,Shipping on time,0,73,Sporting Goods,Dallas,EE. UU.,19446,Corporate,TX,75211.0,2,Fitness,32.753685,-96.86553955,Pacific Asia,Yiwu,China,19446,75893,1360,59.0,0.180000007,179208,327.75,0.0,1,327.75,268.7600098,0.0,Eastern Asia,Zhejiang,PROCESSING,1360,73,Smart watch ,327.75,0,Standard Class,2018-01-12 20:20:00,2018-01-16 20:20:00,0
PAYMENT,5,2,-30.75,115.1800003,Late delivery,1,17,Cleats,Bayamon,Puerto Rico,9083,Home Office,PR,957.0,4,Apparel,18.38011932,-66.18312836,Pacific Asia,Mirzapur,India,9083,28744,365,4.800000191,0.039999999,71956,59.99000168,-0.270000011,2,119.9800034,115.1800003,-30.75,South Asia,Uttar Pradesh,PENDING_PAYMENT,365,17,Perfect Fitness Perfect Rip Deck,59.99000168,0,Second Class,2016-02-24 13:57:00,2016-02-29 13:57:00,3
PAYMENT,2,2,-122.7300034,79.18000031,Shipping on time,0,29,Shop By Sport,Caguas,Puerto Rico,4741,Home Office,PR,725.0,5,Golf,18.23557282,-66.3706131,Pacific Asia,Bursa,Turquía,4741,45461,627,0.800000012,0.01,113598,39.99000168,-1.549999952,2,79.98000336,79.18000031,-122.7300034,West Asia,Bursa,PENDING_PAYMENT,627,29,Under Armour Girls' Toddler Spine Surge Runni,39.99000168,0,Second Class,2016-10-25 14:39:00,2016-10-27 14:39:00,0
PAYMENT,6,2,33.59999847,96.0,Late delivery,1,24,Women's Apparel,Caguas,Puerto Rico,639,Home Office,PR,725.0,5,Golf,18.02536774,-66.61303711,Pacific Asia,Murray Bridge,Australia,639,31115,502,4.0,0.039999999,77757,50.0,0.349999994,2,100.0,96.0,33.59999847,Oceania,Australia del Sur,PENDING_PAYMENT,502,24,Nike Men's Dri-FIT Victory Golf Polo,50.0,0,Second Class,2016-03-30 04:37:00,2016-04-05 04:37:00,4
PAYMENT,2,2,24.69000053,75.98000336,Shipping on time,0,29,Shop By Sport,Caguas,Puerto Rico,9702,Home Office,PR,725.0,5,Golf,18.27383804,-66.37063599,Pacific Asia,Kartal,Turquía,9702,45766,627,4.0,0.050000001,114401,39.99000168,0.330000013,2,79.98000336,75.98000336,24.69000053,West Asia,Estambul,PENDING_PAYMENT,627,29,Under Armour Girls' Toddler Spine Surge Runni,39.99000168,0,Second Class,2016-10-30 01:31:00,2016-11-01 01:31:00,0
PAYMENT,3,2,9.100000381,91.0,Late delivery,1,24,Women's Apparel,Caguas,Puerto Rico,9114,Home Office,PR,725.0,5,Golf,18.2848053,-66.37059021,Pacific Asia,Ulan Bator,Mongolia,9114,47752,502,9.0,0.090000004,119405,50.0,0.100000001,2,100.0,91.0,9.100000381,Eastern Asia,Ulán Bator,PENDING_PAYMENT,502,24,Nike Men's Dri-FIT Victory Golf Polo,50.0,0,Second Class,2016-11-28 01:18:00,2016-12-01 01:18:00,1
PAYMENT,5,2,-21.75,87.0,Late delivery,1,24,Women's Apparel,Caguas,Puerto Rico,1362,Home Office,PR,725.0,5,Golf,18.29496765,-66.37050629,Pacific Asia,Estambul,Turquía,1362,50054,502,13.0,0.129999995,125135,50.0,-0.25,2,100.0,87.0,-21.75,West Asia,Estambul,PENDING_PAYMENT,502,24,Nike Men's Dri-FIT Victory Golf Polo,50.0,0,Second Class,2016-12-31 15:47:00,2017-01-05 15:47:00,3
PAYMENT,6,2,6.150000095,82.0,Late delivery,1,24,Women's Apparel,Caguas,Puerto Rico,8011,Home Office,PR,725.0,5,Golf,18.25571251,-66.37050629,Pacific Asia,Raipur,India,8011,20365,502,18.0,0.180000007,50842,50.0,0.079999998,2,100.0,82.0,6.150000095,South Asia,Rajastán,PENDING_PAYMENT,502,24,Nike Men's Dri-FIT Victory Golf Polo,50.0,0,Second Class,2015-10-25 06:24:00,2015-10-31 06:24:00,4
PAYMENT,2,2,22.40999985,74.68000031,Shipping on time,0,13,Electronics,Caguas,Puerto Rico,3296,Home Office,PR,725.0,3,Footwear,18.23466301,-66.37059784,USCA,Pasco,Estados Unidos,3296,36146,278,15.30000019,0.170000002,90273,44.99000168,0.300000012,2,89.98000336,74.68000031,22.40999985,West of USA ,Washington,PENDING_PAYMENT,278,13,Under Armour Men's Compression EV SL Slide,44.99000168,0,Second Class,2016-06-11 15:12:00,2016-06-13 15:12:00,0
PAYMENT,5,2,25.23999977,90.15000153,Late delivery,1,12,Boxing & MMA,Caguas,Puerto Rico,3182,Home Office,PR,725.0,3,Footwear,18.26268196,-66.37049866,USCA,Los Angeles,Estados Unidos,3182,41234,249,19.79000092,0.180000007,102921,54.97000122,0.280000001,2,109.9400024,90.15000153,25.23999977,West of USA ,California,PENDING_PAYMENT,249,12,Under Armour Women's Micro G Skulpt Running S,54.97000122,0,Second Class,2016-08-24 21:45:00,2016-08-29 21:45:00,3
PAYMENT,6,2,30.5699997,117.5800018,Late delivery,1,17,Cleats,Caguas,Puerto Rico,7864,Home Office,PR,725.0,4,Apparel,18.28279495,-66.37055969,USCA,San Francisco,Estados Unidos,7864,32090,365,2.400000095,0.02,80250,59.99000168,0.25999999,2,119.9800034,117.5800018,30.5699997,West of USA ,California,PENDING_PAYMENT,365,17,Perfect Fitness Perfect Rip Deck,59.99000168,0,Second Class,2016-04-13 10:12:00,2016-04-19 10:12:00,4
PAYMENT,4,2,46.0699997,95.98000336,Late delivery,1,17,Cleats,Caguas,Puerto Rico,11169,Home Office,PR,725.0,4,Apparel,18.27466202,-66.37058258,USCA,Overland Park,Estados Unidos,11169,34773,365,24.0,0.200000003,86866,59.99000168,0.479999989,2,119.9800034,95.98000336,46.0699997,US Center ,Kansas,PENDING_PAYMENT,365,17,Perfect Fitness Perfect Rip Deck,59.99000168,0,Second Class,2016-05-22 14:10:00,2016-05-26 14:10:00,2
PAYMENT,2,2,-184.7799988,263.9700012,Shipping on time,0,9,Cardio Equipment,Caguas,Puerto Rico,5197,Home Office,PR,725.0,3,Footwear,18.2689991,-66.37049866,Africa,Ugep,Nigeria,5197,44046,191,36.0,0.119999997,110025,99.98999786,-0.699999988,3,299.9700012,263.9700012,-184.7799988,West Africa,Cross River,PENDING_PAYMENT,191,9,Nike Men's Free 5.0+ Running Shoe,99.98999786,0,Second Class,2016-10-04 22:55:00,2016-10-06 22:55:00,0
PAYMENT,5,2,38.75,113.9700012,Late delivery,1,29,Shop By Sport,Caguas,Puerto Rico,1535,Home Office,PR,725.0,5,Golf,18.2308178,-66.37052155,Africa,Kinshasa,República Democrática del Congo,1535,46414,627,6.0,0.050000001,116033,39.99000168,0.340000004,3,119.9700012,113.9700012,38.75,Central Africa,Kinshasa,PENDING_PAYMENT,627,29,Under Armour Girls' Toddler Spine Surge Runni,39.99000168,0,Second Class,2016-11-08 12:32:00,2016-11-13 12:32:00,3
PAYMENT,5,2,-3.650000095,63.99000168,Late delivery,1,41,Trade-In,Caguas,Puerto Rico,6122,Home Office,PR,725.0,6,Outdoors,18.26138115,-66.37056732,Africa,Dakar,Senegal,6122,46599,917,1.980000019,0.029999999,116462,21.98999977,-0.059999999,3,65.97000122,63.99000168,-3.650000095,West Africa,Dakar,PENDING_PAYMENT,917,41,Glove It Women's Mod Oval 3-Zip Carry All Gol,21.98999977,0,Second Class,2016-11-11 05:21:00,2016-11-16 05:21:00,3
PAYMENT,5,2,38.22999954,79.66000366,Late delivery,1,37,Electronics,Caguas,Puerto Rico,9451,Home Office,PR,725.0,6,Outdoors,18.23650742,-66.37051392,Africa,Casablanca,Marruecos,9451,48434,828,16.30999947,0.170000002,121134,31.98999977,0.479999989,3,95.97000122,79.66000366,38.22999954,North Africa,Gran Casablanca,PENDING_PAYMENT,828,37,Bridgestone e6 Straight Distance NFL San Dieg,31.98999977,0,Second Class,2016-12-08 00:14:00,2016-12-13 00:14:00,3
PAYMENT,3,2,129.3500061,293.9700012,Late delivery,1,9,Cardio Equipment,Caguas,Puerto Rico,542,Home Office,PR,725.0,3,Footwear,18.35921478,-66.07779694,Europe,Dortmund,Alemania,542,12827,191,6.0,0.02,32072,99.98999786,0.439999998,3,299.9700012,293.9700012,129.3500061,Western Europe,Renania del Norte-Westfalia,PENDING_PAYMENT,191,9,Nike Men's Free 5.0+ Running Shoe,99.98999786,0,Second Class,2015-07-07 05:31:00,2015-07-10 05:31:00,1
PAYMENT,2,2,132.2899933,269.9700012,Shipping on time,0,9,Cardio Equipment,Caguas,Puerto Rico,11329,Home Office,PR,725.0,3,Footwear,18.29944229,-66.37052155,Europe,Drancy,Francia,11329,63936,191,30.0,0.100000001,159828,99.98999786,0.49000001,3,299.9700012,269.9700012,132.2899933,Western Europe,Isla de Francia,PENDING_PAYMENT,191,9,Nike Men's Free 5.0+ Running Shoe,99.98999786,0,Second Class,2017-07-22 07:16:00,2017-07-24 07:16:00,0
PAYMENT,6,2,76.04000092,224.9799957,Late delivery,1,9,Cardio Equipment,Caguas,Puerto Rico,3570,Home Office,PR,725.0,3,Footwear,18.28996849,-66.37054443,Europe,Nantes,Francia,3570,65030,191,74.98999786,0.25,162548,99.98999786,0.340000004,3,299.9700012,224.9799957,76.04000092,Western Europe,Países del Loira,PENDING_PAYMENT,191,9,Nike Men's Free 5.0+ Running Shoe,99.98999786,0,Second Class,2017-08-07 06:33:00,2017-08-13 06:33:00,4
PAYMENT,4,2,81.12999725,176.3699951,Late delivery,1,17,Cleats,Caguas,Puerto Rico,650,Home Office,PR,725.0,4,Apparel,18.2275734,-66.04563141,Europe,Groningen,Países Bajos,650,18108,365,3.599999905,0.02,45253,59.99000168,0.460000008,3,179.9700012,176.3699951,81.12999725,Western Europe,Groningen,PENDING_PAYMENT,365,17,Perfect Fitness Perfect Rip Deck,59.99000168,0,Second Class,2015-09-22 07:41:00,2015-09-26 07:41:00,2
PAYMENT,2,2,43.52000046,167.3699951,Shipping on time,0,17,Cleats,Caguas,Puerto Rico,9353,Home Office,PR,725.0,4,Apparel,18.2988205,-66.37059784,Europe,Gateshead,Reino Unido,9353,62571,365,12.60000038,0.07,156394,59.99000168,0.25999999,3,179.9700012,167.3699951,43.52000046,Northern Europe,Inglaterra,PENDING_PAYMENT,365,17,Perfect Fitness Perfect Rip Deck,59.99000168,0,Second Class,2017-07-02 09:03:00,2017-07-04 09:03:00,0
PAYMENT,3,2,68.77999878,163.7700043,Late delivery,1,17,Cleats,Caguas,Puerto Rico,54,Home Office,PR,725.0,4,Apparel,18.02538109,-66.61508179,Europe,Eastbourne,Reino Unido,54,17162,365,16.20000076,0.090000004,42919,59.99000168,0.419999987,3,179.9700012,163.7700043,68.77999878,Northern Europe,Inglaterra,PENDING_PAYMENT,365,17,Perfect Fitness Perfect Rip Deck,59.99000168,0,Second Class,2015-09-08 12:15:00,2015-09-11 12:15:00,1
PAYMENT,3,2,40.49000168,161.9700012,Late delivery,1,17,Cleats,Caguas,Puerto Rico,12151,Home Office,PR,725.0,4,Apparel,18.25048637,-66.37062836,Europe,Hayange,Francia,12151,65922,365,18.0,0.100000001,164735,59.99000168,0.25,3,179.9700012,161.9700012,40.49000168,Western Europe,Alsacia-Champaña-Ardenas-Lorena,PENDING_PAYMENT,365,17,Perfect Fitness Perfect Rip Deck,59.99000168,0,Second Class,2017-08-20 07:03:00,2017-08-23 07:03:00,1
PAYMENT,2,2,20.93000031,139.5,Shipping on time,0,24,Women's Apparel,Caguas,Puerto Rico,11329,Home Office,PR,725.0,5,Golf,18.29944229,-66.37052155,Europe,Drancy,Francia,11329,63936,502,10.5,0.07,159829,50.0,0.150000006,3,150.0,139.5,20.93000031,Western Europe,Isla de Francia,PENDING_PAYMENT,502,24,Nike Men's Dri-FIT Victory Golf Polo,50.0,0,Second Class,2017-07-22 07:16:00,2017-07-24 07:16:00,0
PAYMENT,4,2,12.19999981,107.9700012,Late delivery,1,29,Shop By Sport,Caguas,Puerto Rico,10018,Home Office,PR,725.0,5,Golf,18.24069786,-66.37055969,Europe,Portsmouth,Reino Unido,10018,64813,627,12.0,0.100000001,162007,39.99000168,0.109999999,3,119.9700012,107.9700012,12.19999981,Northern Europe,Inglaterra,PENDING_PAYMENT,627,29,Under Armour Girls' Toddler Spine Surge Runni,39.99000168,0,Second Class,2017-08-04 02:31:00,2017-08-08 02:31:00,2
PAYMENT,3,2,12.71000004,112.5,Late delivery,1,24,Women's Apparel,Caguas,Puerto Rico,3182,Home Office,PR,725.0,5,Golf,18.26268196,-66.37049866,Europe,Gelsenkirchen,Alemania,3182,67892,502,37.5,0.25,169747,50.0,0.109999999,3,150.0,112.5,12.71000004,Western Europe,Renania del Norte-Westfalia,PENDING_PAYMENT,502,24,Nike Men's Dri-FIT Victory Golf Polo,50.0,0,Second Class,2017-09-18 01:14:00,2017-09-21 01:14:00,1
PAYMENT,6,2,7.760000229,55.40999985,Late delivery,1,41,Trade-In,Caguas,Puerto Rico,4936,Home Office,PR,725.0,6,Outdoors,18.21209908,-66.37050629,Europe,Nice,Francia,4936,12525,917,10.56000042,0.159999996,31344,21.98999977,0.140000001,3,65.97000122,55.40999985,7.760000229,Western Europe,Provenza-Alpes-Costa Azul,PENDING_PAYMENT,917,41,Glove It Women's Mod Oval 3-Zip Carry All Gol,21.98999977,0,Second Class,2015-07-02 19:42:00,2015-07-08 19:42:00,4
PAYMENT,6,2,101.3899994,299.9700012,Late delivery,1,9,Cardio Equipment,Caguas,Puerto Rico,8707,Home Office,PR,725.0,3,Footwear,18.23131371,-66.37062836,LATAM,Petapa,Guatemala,8707,5895,191,0.0,0.0,14664,99.98999786,0.340000004,3,299.9700012,299.9700012,101.3899994,Central America,Guatemala,PENDING_PAYMENT,191,9,Nike Men's Free 5.0+ Running Shoe,99.98999786,0,Second Class,2015-03-28 00:55:00,2015-04-03 00:55:00,4
PAYMENT,5,2,-285.0700073,178.1699982,Late delivery,1,17,Cleats,Caguas,Puerto Rico,1025,Home Office,PR,725.0,4,Apparel,18.29652023,-66.04867554,LATAM,Mejicanos,El Salvador,1025,56359,365,1.799999952,0.01,140970,59.99000168,-1.600000024,3,179.9700012,178.1699982,-285.0700073,Central America,San Salvador,PENDING_PAYMENT,365,17,Perfect Fitness Perfect Rip Deck,59.99000168,0,Second Class,2017-04-02 16:43:00,2017-04-07 16:43:00,3
PAYMENT,4,2,42.74000168,170.9700012,Late delivery,1,17,Cleats,Caguas,Puerto Rico,8831,Home Office,PR,725.0,4,Apparel,18.28746414,-66.37054443,LATAM,David,Panamá,8831,58613,365,9.0,0.050000001,146701,59.99000168,0.25,3,179.9700012,170.9700012,42.74000168,Central America,Chiriquí,PENDING_PAYMENT,365,17,Perfect Fitness Perfect Rip Deck,59.99000168,0,Second Class,2017-05-05 14:23:00,2017-05-09 14:23:00,2
PAYMENT,5,2,49.3199997,170.0700073,Late delivery,1,17,Cleats,Caguas,Puerto Rico,10679,Home Office,PR,725.0,4,Apparel,18.29108048,-66.37050629,LATAM,Santo Domingo,República Dominicana,10679,7824,365,9.899999619,0.059999999,19564,59.99000168,0.289999992,3,179.9700012,170.0700073,49.3199997,Caribbean,Santo Domingo,PENDING_PAYMENT,365,17,Perfect Fitness Perfect Rip Deck,59.99000168,0,Second Class,2015-04-25 04:44:00,2015-04-30 04:44:00,3
PAYMENT,5,2,80.33999634,167.3699951,Late delivery,1,17,Cleats,Caguas,Puerto Rico,5007,Home Office,PR,725.0,4,Apparel,18.24984551,-66.37050629,LATAM,Cabimas,Venezuela,5007,7814,365,12.60000038,0.07,19544,59.99000168,0.479999989,3,179.9700012,167.3699951,80.33999634,South America,Zulia,PENDING_PAYMENT,365,17,Perfect Fitness Perfect Rip Deck,59.99000168,0,Second Class,2015-04-25 01:14:00,2015-04-30 01:14:00,3
PAYMENT,5,2,-26.69000053,163.7700043,Late delivery,1,17,Cleats,Caguas,Puerto Rico,5007,Home Office,PR,725.0,4,Apparel,18.24984551,-66.37050629,LATAM,Cabimas,Venezuela,5007,7814,365,16.20000076,0.090000004,19542,59.99000168,-0.159999996,3,179.9700012,163.7700043,-26.69000053,South America,Zulia,PENDING_PAYMENT,365,17,Perfect Fitness Perfect Rip Deck,59.99000168,0,Second Class,2015-04-25 01:14:00,2015-04-30 01:14:00,3
PAYMENT,3,2,-117.3300018,152.9700012,Late delivery,1,17,Cleats,Caguas,Puerto Rico,9854,Home Office,PR,725.0,4,Apparel,18.25671768,-66.37062836,LATAM,Santo Domingo,República Dominicana,9854,60807,365,27.0,0.150000006,152161,59.99000168,-0.769999981,3,179.9700012,152.9700012,-117.3300018,Caribbean,Santo Domingo,PENDING_PAYMENT,365,17,Perfect Fitness Perfect Rip Deck,59.99000168,0,Second Class,2017-06-06 15:03:00,2017-06-09 15:03:00,1
PAYMENT,4,2,47.88000107,152.9700012,Late delivery,1,17,Cleats,Caguas,Puerto Rico,376,Home Office,PR,725.0,4,Apparel,18.24754334,-66.0253067,LATAM,Dos Quebradas,Colombia,376,53413,365,27.0,0.150000006,133456,59.99000168,0.310000002,3,179.9700012,152.9700012,47.88000107,South America,Risaralda,PENDING_PAYMENT,365,17,Perfect Fitness Perfect Rip Deck,59.99000168,0,Second Class,2017-02-18 16:36:00,2017-02-22 16:36:00,2
PAYMENT,4,2,72.0,150.0,Late delivery,1,24,Women's Apparel,Caguas,Puerto Rico,5417,Home Office,PR,725.0,5,Golf,18.27673721,-66.37055206,LATAM,Ilopango,El Salvador,5417,7888,502,0.0,0.0,19707,50.0,0.479999989,3,150.0,150.0,72.0,Central America,San Salvador,PENDING_PAYMENT,502,24,Nike Men's Dri-FIT Victory Golf Polo,50.0,0,Second Class,2015-04-26 03:10:00,2015-04-30 03:10:00,2
PAYMENT,4,2,29.94000053,115.1699982,Late delivery,1,29,Shop By Sport,Caguas,Puerto Rico,10759,Home Office,PR,725.0,5,Golf,18.2968483,-66.37050629,LATAM,Tegucigalpa,Honduras,10759,6783,627,4.800000191,0.039999999,16956,39.99000168,0.25999999,3,119.9700012,115.1699982,29.94000053,Central America,Francisco Morazán,PENDING_PAYMENT,627,29,Under Armour Girls' Toddler Spine Surge Runni,39.99000168,0,Second Class,2015-04-10 00:02:00,2015-04-14 00:02:00,2
PAYMENT,4,2,23.46999931,144.0,Late delivery,1,24,Women's Apparel,Caguas,Puerto Rico,8541,Home Office,PR,725.0,5,Golf,18.29609299,-66.37050629,LATAM,Juazeiro,Brasil,8541,56973,502,6.0,0.039999999,142502,50.0,0.159999996,3,150.0,144.0,23.46999931,South America,Bahía,PENDING_PAYMENT,502,24,Nike Men's Dri-FIT Victory Golf Polo,50.0,0,Second Class,2017-04-11 15:49:00,2017-04-15 15:49:00,2
PAYMENT,5,2,68.40000153,142.5,Late delivery,1,24,Women's Apparel,Caguas,Puerto Rico,10679,Home Office,PR,725.0,5,Golf,18.29108048,-66.37050629,LATAM,Santo Domingo,República Dominicana,10679,7824,502,7.5,0.050000001,19563,50.0,0.479999989,3,150.0,142.5,68.40000153,Caribbean,Santo Domingo,PENDING_PAYMENT,502,24,Nike Men's Dri-FIT Victory Golf Polo,50.0,0,Second Class,2015-04-25 04:44:00,2015-04-30 04:44:00,3
PAYMENT,6,2,43.65999985,139.5,Late delivery,1,24,Women's Apparel,Caguas,Puerto Rico,3752,Home Office,PR,725.0,5,Golf,18.2105732,-66.37058258,LATAM,Mexico City,México,3752,55155,502,10.5,0.07,137932,50.0,0.310000002,3,150.0,139.5,43.65999985,Central America,Distrito Federal,PENDING_PAYMENT,502,24,Nike Men's Dri-FIT Victory Golf Polo,50.0,0,Second Class,2017-03-16 02:54:00,2017-03-22 02:54:00,4
PAYMENT,2,2,13.19999981,132.0,Shipping on time,0,24,Women's Apparel,Caguas,Puerto Rico,4673,Home Office,PR,725.0,5,Golf,18.20111656,-66.37059021,LATAM,Tlaquepaque,México,4673,5991,502,18.0,0.119999997,14921,50.0,0.100000001,3,150.0,132.0,13.19999981,Central America,Jalisco,PENDING_PAYMENT,502,24,Nike Men's Dri-FIT Victory Golf Polo,50.0,0,Second Class,2015-03-29 10:33:00,2015-03-31 10:33:00,0
PAYMENT,4,2,46.20000076,132.0,Late delivery,1,24,Women's Apparel,Caguas,Puerto Rico,5367,Home Office,PR,725.0,5,Golf,18.21469116,-66.37051392,LATAM,Puebla,México,5367,2263,502,18.0,0.119999997,5671,50.0,0.349999994,3,150.0,132.0,46.20000076,Central America,Puebla,PENDING_PAYMENT,502,24,Nike Men's Dri-FIT Victory Golf Polo,50.0,0,Second Class,2015-02-03 00:28:00,2015-02-07 00:28:00,2
PAYMENT,4,2,10.43999958,130.5,Late delivery,1,24,Women's Apparel,Caguas,Puerto Rico,5367,Home Office,PR,725.0,5,Golf,18.21469116,-66.37051392,LATAM,Puebla,México,5367,2263,502,19.5,0.129999995,5669,50.0,0.079999998,3,150.0,130.5,10.43999958,Central America,Puebla,PENDING_PAYMENT,502,24,Nike Men's Dri-FIT Victory Golf Polo,50.0,0,Second Class,2015-02-03 00:28:00,2015-02-07 00:28:00,2
PAYMENT,4,2,15.56000042,124.5,Late delivery,1,24,Women's Apparel,Caguas,Puerto Rico,10485,Home Office,PR,725.0,5,Golf,18.28425598,-66.37058258,LATAM,Mexico City,México,10485,53403,502,25.5,0.170000002,133427,50.0,0.129999995,3,150.0,124.5,15.56000042,Central America,Distrito Federal,PENDING_PAYMENT,502,24,Nike Men's Dri-FIT Victory Golf Polo,50.0,0,Second Class,2017-02-18 13:05:00,2017-02-22 13:05:00,2
PAYMENT,4,2,32.86000061,99.58000183,Late delivery,1,29,Shop By Sport,Caguas,Puerto Rico,9272,Home Office,PR,725.0,5,Golf,18.20666885,-66.37056732,LATAM,São Paulo,Brasil,9272,51298,627,20.38999939,0.170000002,128201,39.99000168,0.330000013,3,119.9700012,99.58000183,32.86000061,South America,São Paulo,PENDING_PAYMENT,627,29,Under Armour Girls' Toddler Spine Surge Runni,39.99000168,0,Second Class,2017-01-18 19:37:00,2017-01-22 19:37:00,2
TRANSFER,5,4,9.600000381,240.0,Late delivery,1,24,Women's Apparel,Caguas,Puerto Rico,647,Consumer,PR,725.0,5,Golf,18.35907555,-66.07783508,LATAM,Montevideo,Uruguay,647,4919,502,10.0,0.039999999,12307,50.0,0.039999999,5,250.0,240.0,9.600000381,South America,Montevideo,PENDING,502,24,Nike Men's Dri-FIT Victory Golf Polo,50.0,0,Standard Class,2015-03-13 18:59:00,2015-03-18 18:59:00,1
TRANSFER,6,4,55.09000015,189.9499969,Late delivery,1,29,Shop By Sport,Caguas,Puerto Rico,6398,Consumer,PR,725.0,5,Golf,18.26378822,-66.37052918,LATAM,Buenos Aires,Argentina,6398,52640,627,10.0,0.050000001,131580,39.99000168,0.289999992,5,199.9499969,189.9499969,55.09000015,South America,Buenos Aires,PENDING,627,29,Under Armour Girls' Toddler Spine Surge Runni,39.99000168,0,Standard Class,2017-02-07 09:47:00,2017-02-13 09:47:00,2
TRANSFER,4,4,68.58999634,188.9499969,Shipping on time,0,29,Shop By Sport,Caguas,Puerto Rico,4209,Consumer,PR,725.0,5,Golf,18.20330429,-66.37052155,LATAM,São Paulo,Brasil,4209,6358,627,11.0,0.059999999,15921,39.99000168,0.360000014,5,199.9499969,188.9499969,68.58999634,South America,São Paulo,PENDING,627,29,Under Armour Girls' Toddler Spine Surge Runni,39.99000168,0,Standard Class,2015-04-03 19:08:00,2015-04-07 19:08:00,0
TRANSFER,2,4,51.97999954,236.25,Advance shipping,0,24,Women's Apparel,Caguas,Puerto Rico,8917,Consumer,PR,725.0,5,Golf,18.22487068,-66.37052155,LATAM,Barueri,Brasil,8917,57106,502,13.75,0.059999999,142841,50.0,0.219999999,5,250.0,236.25,51.97999954,South America,São Paulo,PENDING,502,24,Nike Men's Dri-FIT Victory Golf Polo,50.0,0,Standard Class,2017-04-13 14:25:00,2017-04-15 14:25:00,-2
TRANSFER,6,4,-23.62999916,236.25,Late delivery,1,24,Women's Apparel,Caguas,Puerto Rico,7784,Consumer,PR,725.0,5,Golf,18.25061035,-66.37062836,LATAM,Arapongas,Brasil,7784,6245,502,13.75,0.059999999,15634,50.0,-0.100000001,5,250.0,236.25,-23.62999916,South America,Paraná,PENDING,502,24,Nike Men's Dri-FIT Victory Golf Polo,50.0,0,Standard Class,2015-04-02 03:33:00,2015-04-08 03:33:00,2
TRANSFER,2,4,66.88999939,136.5,Advance shipping,0,29,Shop By Sport,Caguas,Puerto Rico,1425,Consumer,PR,725.0,5,Golf,18.27340317,-66.37052155,LATAM,Camagüey,Cuba,1425,52166,642,13.5,0.090000004,130341,30.0,0.49000001,5,150.0,136.5,66.88999939,Caribbean,Camagüey,PENDING,642,29,Columbia Men's PFG Anchor Tough T-Shirt,30.0,0,Standard Class,2017-01-31 11:43:00,2017-02-02 11:43:00,-2
TRANSFER,3,4,11.46000004,181.9499969,Advance shipping,0,29,Shop By Sport,Caguas,Puerto Rico,2737,Consumer,PR,725.0,5,Golf,18.29137993,-66.3705368,LATAM,Las Tunas,Cuba,2737,56172,627,18.0,0.090000004,140494,39.99000168,0.059999999,5,199.9499969,181.9499969,11.46000004,Caribbean,Las Tunas,PENDING,627,29,Under Armour Girls' Toddler Spine Surge Runni,39.99000168,0,Standard Class,2017-03-30 23:12:00,2017-04-02 23:12:00,-1
TRANSFER,5,4,22.5,225.0,Late delivery,1,24,Women's Apparel,Caguas,Puerto Rico,6428,Consumer,PR,725.0,5,Golf,18.24738884,-66.37057495,LATAM,Santo Domingo,República Dominicana,6428,55829,502,25.0,0.100000001,139611,50.0,0.100000001,5,250.0,225.0,22.5,Caribbean,Santo Domingo,PENDING,502,24,Nike Men's Dri-FIT Victory Golf Polo,50.0,0,Standard Class,2017-03-25 23:02:00,2017-03-30 23:02:00,1
TRANSFER,4,4,67.5,225.0,Shipping on time,0,24,Women's Apparel,Caguas,Puerto Rico,6543,Consumer,PR,725.0,5,Golf,18.27920532,-66.37055206,LATAM,Tepic,México,6543,52478,502,25.0,0.100000001,131161,50.0,0.300000012,5,250.0,225.0,67.5,Central America,Nayarit,PENDING,502,24,Nike Men's Dri-FIT Victory Golf Polo,50.0,0,Standard Class,2017-02-05 01:01:00,2017-02-09 01:01:00,0
TRANSFER,3,4,78.27999878,173.9600067,Advance shipping,0,29,Shop By Sport,Guayama,Puerto Rico,3990,Consumer,PR,784.0,5,Golf,17.98249054,-66.1126709,LATAM,San Miguelito,Panamá,3990,57242,627,25.98999977,0.129999995,143183,39.99000168,0.449999988,5,199.9499969,173.9600067,78.27999878,Central America,Panamá,PENDING,627,29,Under Armour Girls' Toddler Spine Surge Runni,39.99000168,0,Standard Class,2017-04-15 14:04:00,2017-04-18 14:04:00,-1
TRANSFER,3,4,104.4000015,217.5,Advance shipping,0,24,Women's Apparel,Caguas,Puerto Rico,8524,Consumer,PR,725.0,5,Golf,18.24496079,-66.3705368,LATAM,Ixtapaluca,México,8524,3137,502,32.5,0.129999995,7805,50.0,0.479999989,5,250.0,217.5,104.4000015,Central America,México,PENDING,502,24,Nike Men's Dri-FIT Victory Golf Polo,50.0,0,Standard Class,2015-02-15 18:40:00,2015-02-18 18:40:00,-1
TRANSFER,3,4,47.84999847,217.5,Advance shipping,0,24,Women's Apparel,Caguas,Puerto Rico,9204,Consumer,PR,725.0,5,Golf,18.28453636,-66.37060547,LATAM,Maceió,Brasil,9204,60127,502,32.5,0.129999995,150464,50.0,0.219999999,5,250.0,217.5,47.84999847,South America,Alagoas,PENDING,502,24,Nike Men's Dri-FIT Victory Golf Polo,50.0,0,Standard Class,2017-05-27 16:48:00,2017-05-30 16:48:00,-1
TRANSFER,4,4,44.18999863,169.9600067,Shipping on time,0,29,Shop By Sport,Caguas,Puerto Rico,11761,Consumer,PR,725.0,5,Golf,18.28339195,-66.37051392,LATAM,David,Panamá,11761,3828,627,29.98999977,0.150000006,9521,39.99000168,0.25999999,5,199.9499969,169.9600067,44.18999863,Central America,Chiriquí,PENDING,627,29,Under Armour Girls' Toddler Spine Surge Runni,39.99000168,0,Standard Class,2015-02-25 20:46:00,2015-03-01 20:46:00,0
TRANSFER,2,4,8.5,212.5,Advance shipping,0,24,Women's Apparel,Caguas,Puerto Rico,9554,Consumer,PR,725.0,5,Golf,18.22172546,-66.37059021,LATAM,Belo Horizonte,Brasil,9554,60386,502,37.5,0.150000006,151122,50.0,0.039999999,5,250.0,212.5,8.5,South America,Minas Gerais,PENDING,502,24,Nike Men's Dri-FIT Victory Golf Polo,50.0,0,Standard Class,2017-05-31 11:33:00,2017-06-02 11:33:00,-2
TRANSFER,4,4,83.98000336,167.9600067,Shipping on time,0,29,Shop By Sport,Caguas,Puerto Rico,5118,Consumer,PR,725.0,5,Golf,18.25333214,-66.37051392,LATAM,Santiago de Cuba,Cuba,5118,973,627,31.98999977,0.159999996,2420,39.99000168,0.5,5,199.9499969,167.9600067,83.98000336,Caribbean,Santiago de Cuba,PENDING,627,29,Under Armour Girls' Toddler Spine Surge Runni,39.99000168,0,Standard Class,2015-01-15 04:32:00,2015-01-19 04:32:00,0
TRANSFER,5,4,70.13999939,207.5,Late delivery,1,24,Women's Apparel,Caguas,Puerto Rico,5506,Consumer,PR,725.0,5,Golf,18.22976875,-66.37052918,LATAM,San Pedro Sula,Honduras,5506,57999,502,42.5,0.170000002,145119,50.0,0.340000004,5,250.0,207.5,70.13999939,Central America,Cortés,PENDING,502,24,Nike Men's Dri-FIT Victory Golf Polo,50.0,0,Standard Class,2017-04-26 15:16:00,2017-05-01 15:16:00,1
TRANSFER,6,4,72.62999725,207.5,Late delivery,1,24,Women's Apparel,Caguas,Puerto Rico,1423,Consumer,PR,725.0,5,Golf,18.22978401,-66.37054443,LATAM,Lima,Perú,1423,54585,502,42.5,0.170000002,136527,50.0,0.349999994,5,250.0,207.5,72.62999725,South America,Lima (ciudad),PENDING,502,24,Nike Men's Dri-FIT Victory Golf Polo,50.0,0,Standard Class,2017-03-07 19:12:00,2017-03-13 19:12:00,2
TRANSFER,4,4,-140.0,200.0,Shipping on time,0,24,Women's Apparel,Caguas,Puerto Rico,138,Consumer,PR,725.0,5,Golf,18.22758102,-66.04357147,LATAM,Holguín,Cuba,138,57598,502,50.0,0.200000003,144075,50.0,-0.699999988,5,250.0,200.0,-140.0,Caribbean,Holguín,PENDING,502,24,Nike Men's Dri-FIT Victory Golf Polo,50.0,0,Standard Class,2017-04-20 18:47:00,2017-04-24 18:47:00,0
TRANSFER,5,4,-32.59999847,200.0,Late delivery,1,24,Women's Apparel,Caguas,Puerto Rico,6360,Consumer,PR,725.0,5,Golf,18.22297287,-66.37059021,LATAM,Orizaba,México,6360,54274,502,50.0,0.200000003,135699,50.0,-0.159999996,5,250.0,200.0,-32.59999847,Central America,Veracruz,PENDING,502,24,Nike Men's Dri-FIT Victory Golf Polo,50.0,0,Standard Class,2017-03-03 06:14:00,2017-03-08 06:14:00,1
TRANSFER,4,4,68.98000336,149.9600067,Shipping on time,0,29,Shop By Sport,Caguas,Puerto Rico,2053,Consumer,PR,725.0,5,Golf,18.24120712,-66.37050629,LATAM,Managua,Nicaragua,2053,60673,627,49.99000168,0.25,151869,39.99000168,0.460000008,5,199.9499969,149.9600067,68.98000336,Central America,Managua,PENDING,627,29,Under Armour Girls' Toddler Spine Surge Runni,39.99000168,0,Standard Class,2017-06-04 16:06:00,2017-06-08 16:06:00,0
TRANSFER,3,4,-11.81000042,187.5,Advance shipping,0,24,Women's Apparel,Juana Diaz,Puerto Rico,10344,Consumer,PR,795.0,5,Golf,18.05199051,-66.50184631,LATAM,Villahermosa,México,10344,59387,502,62.5,0.25,148673,50.0,-0.059999999,5,250.0,187.5,-11.81000042,Central America,Tabasco,PENDING,502,24,Nike Men's Dri-FIT Victory Golf Polo,50.0,0,Standard Class,2017-05-16 21:33:00,2017-05-19 21:33:00,-1
TRANSFER,6,4,52.5,187.5,Late delivery,1,24,Women's Apparel,Caguas,Puerto Rico,6398,Consumer,PR,725.0,5,Golf,18.26378822,-66.37052918,LATAM,Buenos Aires,Argentina,6398,52640,502,62.5,0.25,131577,50.0,0.280000001,5,250.0,187.5,52.5,South America,Buenos Aires,PENDING,502,24,Nike Men's Dri-FIT Victory Golf Polo,50.0,0,Standard Class,2017-02-07 09:47:00,2017-02-13 09:47:00,2
TRANSFER,3,4,91.87999725,187.5,Advance shipping,0,24,Women's Apparel,Caguas,Puerto Rico,3375,Consumer,PR,725.0,5,Golf,18.20664215,-66.37052918,LATAM,Quixadá,Brasil,3375,10007,502,62.5,0.25,24992,50.0,0.49000001,5,250.0,187.5,91.87999725,South America,Ceará,PENDING,502,24,Nike Men's Dri-FIT Victory Golf Polo,50.0,0,Standard Class,2015-05-27 01:32:00,2015-05-30 01:32:00,-1
TRANSFER,5,4,29.69000053,237.5500031,Late delivery,1,37,Electronics,Caguas,Puerto Rico,1339,Consumer,PR,725.0,6,Outdoors,18.27825165,-66.37059784,LATAM,Mejicanos,El Salvador,1339,55984,818,2.400000095,0.01,139976,47.99000168,0.129999995,5,239.9499969,237.5500031,29.69000053,Central America,San Salvador,PENDING,818,37,Titleist Pro V1x Golf Balls,47.99000168,0,Standard Class,2017-03-28 05:20:00,2017-04-02 05:20:00,1
TRANSFER,4,4,73.69999695,153.5500031,Shipping on time,0,37,Electronics,Caguas,Puerto Rico,6543,Consumer,PR,725.0,6,Outdoors,18.27920532,-66.37055206,LATAM,Tepic,México,6543,52478,825,6.400000095,0.039999999,131164,31.98999977,0.479999989,5,159.9499969,153.5500031,73.69999695,Central America,Nayarit,PENDING,825,37,Bridgestone e6 Straight Distance NFL Tennesse,31.98999977,0,Standard Class,2017-02-05 01:01:00,2017-02-09 01:01:00,0
TRANSFER,6,4,-79.19000244,395.9599915,Late delivery,1,38,Kids' Golf Clubs,Guayama,Puerto Rico,3990,Consumer,PR,784.0,6,Outdoors,17.98249054,-66.1126709,LATAM,Mixco,Guatemala,3990,58375,306,53.99000168,0.119999997,146090,89.98999786,-0.200000003,5,449.9500122,395.9599915,-79.19000244,Central America,Guatemala,PENDING,306,38,Polar FT4 Heart Rate Monitor,89.98999786,0,Standard Class,2017-05-02 03:00:00,2017-05-08 03:00:00,2
TRANSFER,4,4,34.84999847,124.4599991,Shipping on time,0,44,Hunting & Shooting,Caguas,Puerto Rico,7247,Consumer,PR,725.0,7,Fan Shop,18.22776032,-66.37059021,LATAM,Nueva Gerona,Cuba,7247,56448,977,25.48999977,0.170000002,141192,29.98999977,0.280000001,5,149.9499969,124.4599991,34.84999847,Caribbean,Isla de la Juventud,PENDING,977,44,ENO Atlas Hammock Straps,29.98999977,0,Standard Class,2017-04-03 23:53:00,2017-04-07 23:53:00,0
TRANSFER,2,4,74.08999634,284.9500122,Advance shipping,0,3,Baseball & Softball,Caguas,Puerto Rico,1273,Consumer,PR,725.0,2,Fitness,18.2362442,-66.37062073,LATAM,Buenos Aires,Argentina,1273,8221,44,15.0,0.050000001,20537,59.99000168,0.25999999,5,299.9500122,284.9500122,74.08999634,South America,Buenos Aires,PROCESSING,44,3,adidas Men's F10 Messi TRX FG Soccer Cleat,59.99000168,0,Standard Class,2015-04-30 23:49:00,2015-05-02 23:49:00,-2
TRANSFER,5,4,149.9900055,499.9500122,Late delivery,1,9,Cardio Equipment,Caguas,Puerto Rico,6277,Consumer,PR,725.0,3,Footwear,18.21949196,-66.37052918,LATAM,Chimaltenango,Guatemala,6277,58034,191,0.0,0.0,145203,99.98999786,0.300000012,5,499.9500122,499.9500122,149.9900055,Central America,Chimaltenango,PROCESSING,191,9,Nike Men's Free 5.0+ Running Shoe,99.98999786,0,Standard Class,2017-04-27 03:32:00,2017-05-02 03:32:00,1
TRANSFER,4,4,-18.80999947,494.9500122,Shipping on time,0,9,Cardio Equipment,Caguas,Puerto Rico,7701,Consumer,PR,725.0,3,Footwear,18.25289154,-66.37058258,LATAM,Villa Nueva,Guatemala,7701,2203,191,5.0,0.01,5525,99.98999786,-0.039999999,5,499.9500122,494.9500122,-18.80999947,Central America,Guatemala,PROCESSING,191,9,Nike Men's Free 5.0+ Running Shoe,99.98999786,0,Standard Class,2015-02-02 03:27:00,2015-02-06 03:27:00,0
TRANSFER,5,4,140.6399994,484.9500122,Late delivery,1,9,Cardio Equipment,Caguas,Puerto Rico,4126,Consumer,PR,725.0,3,Footwear,18.22985077,-66.37062073,LATAM,Quito,Ecuador,4126,53069,191,15.0,0.029999999,132642,99.98999786,0.289999992,5,499.9500122,484.9500122,140.6399994,South America,Pichincha,PROCESSING,191,9,Nike Men's Free 5.0+ Running Shoe,99.98999786,0,Standard Class,2017-02-13 16:05:00,2017-02-18 16:05:00,1
TRANSFER,2,4,36.0,479.9500122,Advance shipping,0,9,Cardio Equipment,Caguas,Puerto Rico,9528,Consumer,PR,725.0,3,Footwear,18.22190094,-66.37052155,LATAM,Managua,Nicaragua,9528,60146,191,20.0,0.039999999,150522,99.98999786,0.079999998,5,499.9500122,479.9500122,36.0,Central America,Managua,PROCESSING,191,9,Nike Men's Free 5.0+ Running Shoe,99.98999786,0,Standard Class,2017-05-27 23:28:00,2017-05-29 23:28:00,-2
TRANSFER,5,4,179.9799957,479.9500122,Late delivery,1,9,Cardio Equipment,Caguas,Puerto Rico,1853,Consumer,PR,725.0,3,Footwear,18.26019096,-66.37052918,LATAM,Valle de La Pascua,Venezuela,1853,55409,191,20.0,0.039999999,138585,99.98999786,0.379999995,5,499.9500122,479.9500122,179.9799957,South America,Guárico,PROCESSING,191,9,Nike Men's Free 5.0+ Running Shoe,99.98999786,0,Standard Class,2017-03-19 19:53:00,2017-03-24 19:53:00,1
TRANSFER,4,4,-783.6699829,474.9500122,Shipping on time,0,9,Cardio Equipment,Caguas,Puerto Rico,11149,Consumer,PR,725.0,3,Footwear,18.28128624,-66.37050629,LATAM,San Miguelito,Panamá,11149,8678,191,25.0,0.050000001,21674,99.98999786,-1.649999976,5,499.9500122,474.9500122,-783.6699829,Central America,Panamá,PROCESSING,191,9,Nike Men's Free 5.0+ Running Shoe,99.98999786,0,Standard Class,2015-05-07 15:56:00,2015-05-11 15:56:00,0
TRANSFER,6,4,199.4799957,474.9500122,Late delivery,1,9,Cardio Equipment,Caguas,Puerto Rico,5828,Consumer,PR,725.0,3,Footwear,18.21101761,-66.37052918,LATAM,San Miguelito,Panamá,5828,7980,191,25.0,0.050000001,19945,99.98999786,0.419999987,5,499.9500122,474.9500122,199.4799957,Central America,Panamá,PROCESSING,191,9,Nike Men's Free 5.0+ Running Shoe,99.98999786,0,Standard Class,2015-04-27 11:23:00,2015-05-03 11:23:00,2
TRANSFER,6,4,-269.9700012,449.9599915,Late delivery,1,9,Cardio Equipment,Caguas,Puerto Rico,6887,Consumer,PR,725.0,3,Footwear,18.22019768,-66.37058258,LATAM,Petapa,Guatemala,6887,57185,191,50.0,0.100000001,143043,99.98999786,-0.600000024,5,499.9500122,449.9599915,-269.9700012,Central America,Guatemala,PROCESSING,191,9,Nike Men's Free 5.0+ Running Shoe,99.98999786,0,Standard Class,2017-04-14 18:06:00,2017-04-20 18:06:00,2
TRANSFER,2,4,-22.5,449.9599915,Advance shipping,0,9,Cardio Equipment,Caguas,Puerto Rico,4781,Consumer,PR,725.0,3,Footwear,18.25534058,-66.37050629,LATAM,Cotia,Brasil,4781,8636,191,50.0,0.100000001,21551,99.98999786,-0.050000001,5,499.9500122,449.9599915,-22.5,South America,São Paulo,PROCESSING,191,9,Nike Men's Free 5.0+ Running Shoe,99.98999786,0,Standard Class,2015-05-07 01:13:00,2015-05-09 01:13:00,-2
TRANSFER,3,4,59.06000137,337.4599915,Advance shipping,0,12,Boxing & MMA,Caguas,Puerto Rico,10668,Consumer,PR,725.0,3,Footwear,18.23215866,-66.37059021,LATAM,Itapecuru Mirim,Brasil,10668,61192,251,112.4899979,0.25,153077,89.98999786,0.180000007,5,449.9500122,337.4599915,59.06000137,South America,Marañón,PROCESSING,251,12,Brooks Women's Ghost 6 Running Shoe,89.98999786,0,Standard Class,2017-06-12 05:55:00,2017-06-15 05:55:00,-1
TRANSFER,2,4,140.9799957,299.9500122,Advance shipping,0,17,Cleats,Caguas,Puerto Rico,5421,Consumer,PR,725.0,4,Apparel,18.20737648,-66.37055206,LATAM,León,Nicaragua,5421,55876,365,0.0,0.0,139714,59.99000168,0.469999999,5,299.9500122,299.9500122,140.9799957,Central America,León,PROCESSING,365,17,Perfect Fitness Perfect Rip Deck,59.99000168,0,Standard Class,2017-03-26 15:30:00,2017-03-28 15:30:00,-2
TRANSFER,2,4,81.66000366,296.9500122,Advance shipping,0,17,Cleats,Caguas,Puerto Rico,10200,Consumer,PR,725.0,4,Apparel,18.27331543,-66.37060547,LATAM,Tlalpan,México,10200,53331,365,3.0,0.01,133251,59.99000168,0.280000001,5,299.9500122,296.9500122,81.66000366,Central America,Distrito Federal,PROCESSING,365,17,Perfect Fitness Perfect Rip Deck,59.99000168,0,Standard Class,2017-02-17 11:52:00,2017-02-19 11:52:00,-2
TRANSFER,6,4,18.40999985,296.9500122,Late delivery,1,17,Cleats,Caguas,Puerto Rico,11254,Consumer,PR,725.0,4,Apparel,18.2626648,-66.3706131,LATAM,Apopa,El Salvador,11254,51725,365,3.0,0.01,129241,59.99000168,0.059999999,5,299.9500122,296.9500122,18.40999985,Central America,San Salvador,PROCESSING,365,17,Perfect Fitness Perfect Rip Deck,59.99000168,0,Standard Class,2017-01-25 01:13:00,2017-01-31 01:13:00,2
TRANSFER,3,4,33.22000122,293.9500122,Advance shipping,0,17,Cleats,Caguas,Puerto Rico,11106,Consumer,PR,725.0,4,Apparel,18.26016426,-66.37059021,LATAM,Cipolletti,Argentina,11106,52562,365,6.0,0.02,131382,59.99000168,0.109999999,5,299.9500122,293.9500122,33.22000122,South America,Río Negro,PROCESSING,365,17,Perfect Fitness Perfect Rip Deck,59.99000168,0,Standard Class,2017-02-06 06:27:00,2017-02-09 06:27:00,-1
TRANSFER,5,4,25.30999947,290.9500122,Late delivery,1,17,Cleats,Caguas,Puerto Rico,8456,Consumer,PR,725.0,4,Apparel,18.24535179,-66.37059784,LATAM,Mejicanos,El Salvador,8456,59754,365,9.0,0.029999999,149532,59.99000168,0.090000004,5,299.9500122,290.9500122,25.30999947,Central America,San Salvador,PROCESSING,365,17,Perfect Fitness Perfect Rip Deck,59.99000168,0,Standard Class,2017-05-22 06:08:00,2017-05-27 06:08:00,1
TRANSFER,5,4,-239.8600006,287.9500122,Late delivery,1,17,Cleats,Caguas,Puerto Rico,6149,Consumer,PR,725.0,4,Apparel,18.21775055,-66.37060547,LATAM,La Ceiba,Honduras,6149,53574,365,12.0,0.039999999,133893,59.99000168,-0.829999983,5,299.9500122,287.9500122,-239.8600006,Central America,Atlántida,PROCESSING,365,17,Perfect Fitness Perfect Rip Deck,59.99000168,0,Standard Class,2017-02-21 01:00:00,2017-02-26 01:00:00,1
TRANSFER,5,4,-155.8999939,283.4500122,Late delivery,1,17,Cleats,Caguas,Puerto Rico,1473,Consumer,PR,725.0,4,Apparel,18.29214859,-66.3706131,LATAM,Córdoba,México,1473,399,365,16.5,0.059999999,989,59.99000168,-0.550000012,5,299.9500122,283.4500122,-155.8999939,Central America,Veracruz,PROCESSING,365,17,Perfect Fitness Perfect Rip Deck,59.99000168,0,Standard Class,2015-01-06 19:26:00,2015-01-11 19:26:00,1
DEBIT,6,2,40.02000046,86.98999786,Late delivery,1,9,Cardio Equipment,Caguas,Puerto Rico,1840,Consumer,PR,725.0,3,Footwear,18.26737404,-66.37062836,Africa,Kuito,Angola,1840,51050,191,13.0,0.129999995,127587,99.98999786,0.460000008,1,99.98999786,86.98999786,40.02000046,Central Africa,Bié,ON_HOLD,191,9,Nike Men's Free 5.0+ Running Shoe,99.98999786,0,Second Class,2017-01-15 04:44:00,2017-01-21 04:44:00,4
DEBIT,6,2,44.59000015,127.3899994,Late delivery,1,18,Men's Footwear,Caguas,Puerto Rico,6757,Consumer,PR,725.0,4,Apparel,18.29659462,-66.37059021,Africa,Jartum,Sudán,6757,45680,403,2.599999905,0.02,114171,129.9900055,0.349999994,1,129.9900055,127.3899994,44.59000015,North Africa,Jartum,ON_HOLD,403,18,Nike Men's CJ Elite 2 TD Football Cleat,129.9900055,0,Second Class,2016-10-28 19:23:00,2016-11-03 19:23:00,4
DEBIT,3,2,57.95999908,118.2900009,Late delivery,1,18,Men's Footwear,Caguas,Puerto Rico,3972,Consumer,PR,725.0,4,Apparel,18.27468491,-66.37056732,Africa,Hargeysa,Somalia,3972,42992,403,11.69999981,0.090000004,107395,129.9900055,0.49000001,1,129.9900055,118.2900009,57.95999908,East Africa,Gobolka Woqooyi Galbeed,ON_HOLD,403,18,Nike Men's CJ Elite 2 TD Football Cleat,129.9900055,0,Second Class,2016-09-19 13:39:00,2016-09-22 13:39:00,1
DEBIT,5,2,30.42000008,116.9899979,Late delivery,1,18,Men's Footwear,Caguas,Puerto Rico,9316,Consumer,PR,725.0,4,Apparel,18.21944618,-66.37057495,Africa,Kenitra,Marruecos,9316,41304,403,13.0,0.100000001,103114,129.9900055,0.25999999,1,129.9900055,116.9899979,30.42000008,North Africa,Garb-Chrarda-Beni Hsen,ON_HOLD,403,18,Nike Men's CJ Elite 2 TD Football Cleat,129.9900055,0,Second Class,2016-08-25 22:16:00,2016-08-30 22:16:00,3
DEBIT,6,2,24.60000038,49.18999863,Late delivery,1,17,Cleats,Caguas,Puerto Rico,6757,Consumer,PR,725.0,4,Apparel,18.29659462,-66.37059021,Africa,Jartum,Sudán,6757,45680,365,10.80000019,0.180000007,114173,59.99000168,0.5,1,59.99000168,49.18999863,24.60000038,North Africa,Jartum,ON_HOLD,365,17,Perfect Fitness Perfect Rip Deck,59.99000168,0,Second Class,2016-10-28 19:23:00,2016-11-03 19:23:00,4
DEBIT,4,2,48.88000107,103.9899979,Late delivery,1,18,Men's Footwear,Caguas,Puerto Rico,11213,Consumer,PR,725.0,4,Apparel,18.23975563,-66.37059021,Africa,Abidjan,Costa de Marfil,11213,44253,403,26.0,0.200000003,110494,129.9900055,0.469999999,1,129.9900055,103.9899979,48.88000107,West Africa,Lagunes,ON_HOLD,403,18,Nike Men's CJ Elite 2 TD Football Cleat,129.9900055,0,Second Class,2016-10-07 23:26:00,2016-10-11 23:26:00,2
DEBIT,4,2,0.0,296.980011,Late delivery,1,43,Camping & Hiking,Caguas,Puerto Rico,3474,Consumer,PR,725.0,7,Fan Shop,18.2643261,-66.37060547,Africa,Abu Kabir,Egipto,3474,46098,957,3.0,0.01,115235,299.980011,0.0,1,299.980011,296.980011,0.0,North Africa,Ash Sharqiyah,ON_HOLD,957,43,Diamondback Women's Serene Classic Comfort Bi,299.980011,0,Second Class,2016-11-03 21:49:00,2016-11-07 21:49:00,2
DEBIT,5,2,95.54000092,293.980011,Late delivery,1,43,Camping & Hiking,Caguas,Puerto Rico,9316,Consumer,PR,725.0,7,Fan Shop,18.21944618,-66.37057495,Africa,Kenitra,Marruecos,9316,41304,957,6.0,0.02,103115,299.980011,0.330000013,1,299.980011,293.980011,95.54000092,North Africa,Garb-Chrarda-Beni Hsen,ON_HOLD,957,43,Diamondback Women's Serene Classic Comfort Bi,299.980011,0,Second Class,2016-08-25 22:16:00,2016-08-30 22:16:00,3
DEBIT,3,2,-50.58000183,252.8800049,Late delivery,1,65,Consumer Electronics,Caguas,Puerto Rico,14630,Consumer,PR,725.0,10,Technology,18.27085495,-66.03705597,Europe,Perugia,Italia,14630,71077,1352,0.0,0.0,174392,252.8800049,-0.200000003,1,252.8800049,252.8800049,-50.58000183,Southern Europe,Umbría,COMPLETE,1352,65,Industrial consumer electronics,252.8800049,0,Second Class,2017-11-03 13:05:00,2017-11-06 13:05:00,1
DEBIT,4,2,120.8300018,447.519989,Late delivery,1,62,Cameras ,Caguas,Puerto Rico,13256,Consumer,PR,725.0,10,Technology,18.23665237,-66.0370636,Europe,Nuremberg,Alemania,13256,69703,1349,4.519999981,0.01,173018,452.0400085,0.270000011,1,452.0400085,447.519989,120.8300018,Western Europe,Bavaria,COMPLETE,1349,62,Web Camera,452.0400085,0,Second Class,2017-10-14 11:42:00,2017-10-18 11:42:00,2
DEBIT,3,2,25.04000092,250.3500061,Late delivery,1,65,Consumer Electronics,Caguas,Puerto Rico,14665,Consumer,PR,725.0,10,Technology,18.28206062,-66.03705597,Europe,Reims,Francia,14665,71112,1352,2.529999971,0.01,174427,252.8800049,0.100000001,1,252.8800049,250.3500061,25.04000092,Western Europe,Alsacia-Champaña-Ardenas-Lorena,COMPLETE,1352,65,Industrial consumer electronics,252.8800049,0,Second Class,2017-11-04 01:21:00,2017-11-07 01:21:00,1
DEBIT,6,2,212.6399994,443.0,Late delivery,1,62,Cameras ,Caguas,Puerto Rico,13363,Consumer,PR,725.0,10,Technology,18.21524239,-66.03705597,Europe,Halle,Alemania,13363,69810,1349,9.039999962,0.02,173125,452.0400085,0.479999989,1,452.0400085,443.0,212.6399994,Western Europe,Sajonia-Anhalt,COMPLETE,1349,62,Web Camera,452.0400085,0,Second Class,2017-10-16 01:12:00,2017-10-22 01:12:00,4
DEBIT,3,2,68.68000031,245.2899933,Late delivery,1,65,Consumer Electronics,Caguas,Puerto Rico,14645,Consumer,PR,725.0,10,Technology,18.25598526,-66.03705597,Europe,Bremerhaven,Alemania,14645,71092,1352,7.590000153,0.029999999,174407,252.8800049,0.280000001,1,252.8800049,245.2899933,68.68000031,Western Europe,Bremen,COMPLETE,1352,65,Industrial consumer electronics,252.8800049,0,Second Class,2017-11-03 18:20:00,2017-11-06 18:20:00,1
DEBIT,6,2,135.8300018,433.9599915,Late delivery,1,62,Cameras ,Caguas,Puerto Rico,13163,Consumer,PR,725.0,10,Technology,18.28172112,-66.03705597,Europe,Portici,Italia,13163,69610,1349,18.07999992,0.039999999,172925,452.0400085,0.310000002,1,452.0400085,433.9599915,135.8300018,Southern Europe,Campania,COMPLETE,1349,62,Web Camera,452.0400085,0,Second Class,2017-10-13 03:08:00,2017-10-19 03:08:00,4
DEBIT,6,2,78.08000183,240.2400055,Late delivery,1,65,Consumer Electronics,Caguas,Puerto Rico,14553,Consumer,PR,725.0,10,Technology,18.23458481,-66.03705597,Europe,Bielefeld,Alemania,14553,71000,1352,12.64000034,0.050000001,174315,252.8800049,0.330000013,1,252.8800049,240.2400055,78.08000183,Western Europe,Renania del Norte-Westfalia,COMPLETE,1352,65,Industrial consumer electronics,252.8800049,0,Second Class,2017-11-02 10:06:00,2017-11-08 10:06:00,4
DEBIT,5,2,595.3499756,1417.5,Late delivery,1,64,Computers,Caguas,Puerto Rico,14287,Consumer,PR,725.0,10,Technology,18.25249672,-66.03704834,Europe,London,Reino Unido,14287,70734,1351,82.5,0.059999999,174049,1500.0,0.419999987,1,1500.0,1417.5,595.3499756,Northern Europe,Inglaterra,COMPLETE,1351,64,Dell Laptop,1500.0,0,Second Class,2017-10-29 12:55:00,2017-11-03 12:55:00,3
DEBIT,2,2,21.36000061,427.1799927,Shipping on time,0,62,Cameras ,Caguas,Puerto Rico,13179,Consumer,PR,725.0,10,Technology,18.25508499,-66.03705597,Europe,Drancy,Francia,13179,69626,1349,24.86000061,0.059999999,172941,452.0400085,0.050000001,1,452.0400085,427.1799927,21.36000061,Western Europe,Isla de Francia,COMPLETE,1349,62,Web Camera,452.0400085,0,Second Class,2017-10-13 08:44:00,2017-10-15 08:44:00,0
DEBIT,3,2,213.5899963,427.1799927,Late delivery,1,62,Cameras ,Caguas,Puerto Rico,13035,Consumer,PR,725.0,10,Technology,18.28042221,-66.0370636,Europe,Duisburg,Alemania,13035,69482,1349,24.86000061,0.059999999,172797,452.0400085,0.5,1,452.0400085,427.1799927,213.5899963,Western Europe,Renania del Norte-Westfalia,COMPLETE,1349,62,Web Camera,452.0400085,0,Second Class,2017-10-11 06:17:00,2017-10-14 06:17:00,1
DEBIT,5,2,55.79999924,1395.0,Late delivery,1,64,Computers,Caguas,Puerto Rico,14322,Consumer,PR,725.0,10,Technology,18.23288918,-66.0370636,Europe,Bradford,Reino Unido,14322,70769,1351,105.0,0.07,174084,1500.0,0.039999999,1,1500.0,1395.0,55.79999924,Northern Europe,Inglaterra,COMPLETE,1351,64,Dell Laptop,1500.0,0,Second Class,2017-10-30 01:10:00,2017-11-04 01:10:00,3
DEBIT,4,2,126.1200027,420.3999939,Late delivery,1,62,Cameras ,Caguas,Puerto Rico,13196,Consumer,PR,725.0,10,Technology,18.22864342,-66.0370636,Europe,Agrigento,Italia,13196,69643,1349,31.63999939,0.07,172958,452.0400085,0.300000012,1,452.0400085,420.3999939,126.1200027,Southern Europe,Sicilia,COMPLETE,1349,62,Web Camera,452.0400085,0,Second Class,2017-10-13 14:41:00,2017-10-17 14:41:00,2
DEBIT,2,2,6.900000095,230.1199951,Shipping on time,0,65,Consumer Electronics,Caguas,Puerto Rico,14604,Consumer,PR,725.0,10,Technology,18.29532433,-66.03705597,Europe,Oldham,Reino Unido,14604,71051,1352,22.76000023,0.090000004,174366,252.8800049,0.029999999,1,252.8800049,230.1199951,6.900000095,Northern Europe,Inglaterra,COMPLETE,1352,65,Industrial consumer electronics,252.8800049,0,Second Class,2017-11-03 03:58:00,2017-11-05 03:58:00,0
DEBIT,4,2,-277.6700134,411.3599854,Late delivery,1,62,Cameras ,Caguas,Puerto Rico,12961,Consumer,PR,725.0,10,Technology,18.24217796,-66.0370636,Europe,Palermo,Italia,12961,69408,1349,40.68000031,0.090000004,172723,452.0400085,-0.680000007,1,452.0400085,411.3599854,-277.6700134,Southern Europe,Sicilia,COMPLETE,1349,62,Web Camera,452.0400085,0,Second Class,2017-10-10 04:21:00,2017-10-14 04:21:00,2
DEBIT,4,2,105.8600006,230.1199951,Late delivery,1,65,Consumer Electronics,Caguas,Puerto Rico,14676,Consumer,PR,725.0,10,Technology,18.25569725,-66.0370636,Europe,Madrid,España,14676,71123,1352,22.76000023,0.090000004,174438,252.8800049,0.460000008,1,252.8800049,230.1199951,105.8600006,Southern Europe,Madrid,COMPLETE,1352,65,Industrial consumer electronics,252.8800049,0,Second Class,2017-11-04 05:12:00,2017-11-08 05:12:00,2
DEBIT,5,2,86.0,1365.0,Late delivery,1,64,Computers,Caguas,Puerto Rico,14087,Consumer,PR,725.0,10,Technology,18.26639938,-66.0370636,Europe,Nancy,Francia,14087,70534,1351,135.0,0.090000004,173849,1500.0,0.059999999,1,1500.0,1365.0,86.0,Western Europe,Alsacia-Champaña-Ardenas-Lorena,COMPLETE,1351,64,Dell Laptop,1500.0,0,Second Class,2017-10-26 14:51:00,2017-10-31 14:51:00,3
DEBIT,2,2,195.2799988,406.8399963,Shipping on time,0,62,Cameras ,Caguas,Puerto Rico,13194,Consumer,PR,725.0,10,Technology,18.23524284,-66.03705597,Europe,Girona,España,13194,69641,1349,45.20000076,0.100000001,172956,452.0400085,0.479999989,1,452.0400085,406.8399963,195.2799988,Southern Europe,Cataluña,COMPLETE,1349,62,Web Camera,452.0400085,0,Second Class,2017-10-13 13:59:00,2017-10-15 13:59:00,0
DEBIT,6,2,22.76000023,227.5899963,Late delivery,1,65,Consumer Electronics,Caguas,Puerto Rico,14513,Consumer,PR,725.0,10,Technology,18.25786781,-66.03705597,Europe,Laon,Francia,14513,70960,1352,25.29000092,0.100000001,174275,252.8800049,0.100000001,1,252.8800049,227.5899963,22.76000023,Western Europe,Norte-Paso de Calais-Picardía,COMPLETE,1352,65,Industrial consumer electronics,252.8800049,0,Second Class,2017-11-01 20:05:00,2017-11-07 20:05:00,4
DEBIT,4,2,180.5899963,384.230011,Late delivery,1,62,Cameras ,Caguas,Puerto Rico,13461,Consumer,PR,725.0,10,Technology,18.22337914,-66.03705597,Europe,Hartlepool,Reino Unido,13461,69908,1349,67.80999756,0.150000006,173223,452.0400085,0.469999999,1,452.0400085,384.230011,180.5899963,Northern Europe,Inglaterra,COMPLETE,1349,62,Web Camera,452.0400085,0,Second Class,2017-10-17 11:32:00,2017-10-21 11:32:00,2
DEBIT,3,2,101.0299988,214.9499969,Late delivery,1,65,Consumer Electronics,Caguas,Puerto Rico,14510,Consumer,PR,725.0,10,Technology,18.23107529,-66.03705597,Europe,Pontault-Combault,Francia,14510,70957,1352,37.93000031,0.150000006,174272,252.8800049,0.469999999,1,252.8800049,214.9499969,101.0299988,Western Europe,Isla de Francia,COMPLETE,1352,65,Industrial consumer electronics,252.8800049,0,Second Class,2017-11-01 19:02:00,2017-11-04 19:02:00,1
DEBIT,3,2,118.8499985,379.7099915,Late delivery,1,62,Cameras ,Caguas,Puerto Rico,13190,Consumer,PR,725.0,10,Technology,18.26862907,-66.03705597,Europe,La Rochelle,Francia,13190,69637,1349,72.33000183,0.159999996,172952,452.0400085,0.310000002,1,452.0400085,379.7099915,118.8499985,Western Europe,Aquitania-Lemosín-Poitou-Charentes,COMPLETE,1349,62,Web Camera,452.0400085,0,Second Class,2017-10-13 12:35:00,2017-10-16 12:35:00,1
DEBIT,6,2,60.86999893,209.8899994,Late delivery,1,65,Consumer Electronics,Caguas,Puerto Rico,14508,Consumer,PR,725.0,10,Technology,18.22708893,-66.0370636,Europe,Edinburgh,Reino Unido,14508,70955,1352,42.99000168,0.170000002,174270,252.8800049,0.289999992,1,252.8800049,209.8899994,60.86999893,Northern Europe,Escocia,COMPLETE,1352,65,Industrial consumer electronics,252.8800049,0,Second Class,2017-11-01 18:20:00,2017-11-07 18:20:00,4
DEBIT,5,2,73.45999908,209.8899994,Late delivery,1,65,Consumer Electronics,Caguas,Puerto Rico,14472,Consumer,PR,725.0,10,Technology,18.23437882,-66.03705597,Europe,Acerra,Italia,14472,70919,1352,42.99000168,0.170000002,174234,252.8800049,0.349999994,1,252.8800049,209.8899994,73.45999908,Southern Europe,Campania,COMPLETE,1352,65,Industrial consumer electronics,252.8800049,0,Second Class,2017-11-01 05:44:00,2017-11-06 05:44:00,3
DEBIT,5,2,39.88000107,209.8899994,Late delivery,1,65,Consumer Electronics,Caguas,Puerto Rico,14562,Consumer,PR,725.0,10,Technology,18.29236603,-66.0370636,Europe,Hanover,Alemania,14562,71009,1352,42.99000168,0.170000002,174324,252.8800049,0.189999998,1,252.8800049,209.8899994,39.88000107,Western Europe,Baja Sajonia,COMPLETE,1352,65,Industrial consumer electronics,252.8800049,0,Second Class,2017-11-02 13:15:00,2017-11-07 13:15:00,3
DEBIT,4,2,177.9199982,370.6700134,Late delivery,1,62,Cameras ,Caguas,Puerto Rico,13206,Consumer,PR,725.0,10,Technology,18.21356773,-66.0370636,Europe,Manchester,Reino Unido,13206,69653,1349,81.37000275,0.180000007,172968,452.0400085,0.479999989,1,452.0400085,370.6700134,177.9199982,Northern Europe,Inglaterra,COMPLETE,1349,62,Web Camera,452.0400085,0,Second Class,2017-10-13 18:11:00,2017-10-17 18:11:00,2
DEBIT,3,2,129.7400055,370.6700134,Late delivery,1,62,Cameras ,Caguas,Puerto Rico,13080,Consumer,PR,725.0,10,Technology,18.2920475,-66.0370636,Europe,Messina,Italia,13080,69527,1349,81.37000275,0.180000007,172842,452.0400085,0.349999994,1,452.0400085,370.6700134,129.7400055,Southern Europe,Sicilia,COMPLETE,1349,62,Web Camera,452.0400085,0,Second Class,2017-10-11 22:03:00,2017-10-14 22:03:00,1
DEBIT,6,2,62.20999908,207.3600006,Late delivery,1,65,Consumer Electronics,Caguas,Puerto Rico,14633,Consumer,PR,725.0,10,Technology,18.24609184,-66.0370636,Europe,Wilhelmshaven,Alemania,14633,71080,1352,45.52000046,0.180000007,174395,252.8800049,0.300000012,1,252.8800049,207.3600006,62.20999908,Western Europe,Baja Sajonia,COMPLETE,1352,65,Industrial consumer electronics,252.8800049,0,Second Class,2017-11-03 14:08:00,2017-11-09 14:08:00,4
DEBIT,5,2,90.0,1200.0,Late delivery,1,64,Computers,Caguas,Puerto Rico,14097,Consumer,PR,725.0,10,Technology,18.20939446,-66.03705597,Europe,Letchworth,Reino Unido,14097,70544,1351,300.0,0.200000003,173859,1500.0,0.079999998,1,1500.0,1200.0,90.0,Northern Europe,Inglaterra,COMPLETE,1351,64,Dell Laptop,1500.0,0,Second Class,2017-10-26 18:21:00,2017-10-31 18:21:00,3
DEBIT,2,2,118.6600037,339.0299988,Shipping on time,0,62,Cameras ,Caguas,Puerto Rico,13024,Consumer,PR,725.0,10,Technology,18.29184341,-66.03704834,Europe,Kilwinning,Reino Unido,13024,69471,1349,113.0100021,0.25,172786,452.0400085,0.349999994,1,452.0400085,339.0299988,118.6600037,Northern Europe,Escocia,COMPLETE,1349,62,Web Camera,452.0400085,0,Second Class,2017-10-11 02:26:00,2017-10-13 02:26:00,0
DEBIT,5,2,415.7999878,989.9899902,Late delivery,1,4,Basketball,Caguas,Puerto Rico,778,Consumer,PR,725.0,2,Fitness,18.2275734,-66.0437088,Europe,Villeneuve-le-Roi,Francia,778,68879,60,10.0,0.01,172188,999.9899902,0.419999987,1,999.9899902,989.9899902,415.7999878,Western Europe,Isla de Francia,COMPLETE,60,4,SOLE E25 Elliptical,999.9899902,0,Second Class,2017-10-02 11:01:00,2017-10-07 11:01:00,3
DEBIT,5,2,8.619999886,78.38999939,Late delivery,1,2,Soccer,Caguas,Puerto Rico,7146,Consumer,PR,725.0,2,Fitness,18.28542137,-66.37056732,Europe,Barakaldo,España,7146,67214,24,1.600000024,0.02,167987,79.98999786,0.109999999,1,79.98999786,78.38999939,8.619999886,Southern Europe,País Vasco,COMPLETE,24,2,Elevation Training Mask 2.0,79.98999786,0,Second Class,2017-09-08 03:42:00,2017-09-13 03:42:00,3
DEBIT,6,2,16.34000015,52.18999863,Late delivery,1,3,Baseball & Softball,Caguas,Puerto Rico,6365,Consumer,PR,725.0,2,Fitness,18.24692345,-66.37057495,Europe,Estocolmo,Suecia,6365,17810,44,7.800000191,0.129999995,44493,59.99000168,0.310000002,1,59.99000168,52.18999863,16.34000015,Northern Europe,Estocolmo,COMPLETE,44,3,adidas Men's F10 Messi TRX FG Soccer Cleat,59.99000168,0,Second Class,2015-09-17 23:17:00,2015-09-23 23:17:00,4
DEBIT,4,2,12.52999973,43.18999863,Late delivery,1,13,Electronics,Caguas,Puerto Rico,8422,Consumer,PR,725.0,3,Footwear,18.23379898,-66.37056732,Europe,Aylesbury,Reino Unido,8422,18793,278,1.799999952,0.039999999,46997,44.99000168,0.289999992,1,44.99000168,43.18999863,12.52999973,Northern Europe,Inglaterra,COMPLETE,278,13,Under Armour Men's Compression EV SL Slide,44.99000168,0,Second Class,2015-10-02 07:40:00,2015-10-06 07:40:00,2
DEBIT,5,2,25.92000008,95.98999786,Late delivery,1,9,Cardio Equipment,Caguas,Puerto Rico,8524,Consumer,PR,725.0,3,Footwear,18.24496079,-66.3705368,Europe,Langenhagen,Alemania,8524,65109,191,4.0,0.039999999,162715,99.98999786,0.270000011,1,99.98999786,95.98999786,25.92000008,Western Europe,Baja Sajonia,COMPLETE,191,9,Nike Men's Free 5.0+ Running Shoe,99.98999786,0,Second Class,2017-08-08 10:13:00,2017-08-13 10:13:00,3
DEBIT,4,2,-13.57999992,94.98999786,Late delivery,1,9,Cardio Equipment,Caguas,Puerto Rico,3784,Consumer,PR,725.0,3,Footwear,18.23220825,-66.37062836,Europe,Birmingham,Reino Unido,3784,15673,191,5.0,0.050000001,39186,99.98999786,-0.140000001,1,99.98999786,94.98999786,-13.57999992,Northern Europe,Inglaterra,COMPLETE,191,9,Nike Men's Free 5.0+ Running Shoe,99.98999786,0,Second Class,2015-08-17 18:35:00,2015-08-21 18:35:00,2
DEBIT,4,2,10.03999996,41.84000015,Late delivery,1,13,Electronics,Caguas,Puerto Rico,10519,Consumer,PR,725.0,3,Footwear,18.26521111,-66.37055206,Europe,Amsterdam,Países Bajos,10519,18183,278,3.150000095,0.07,45455,44.99000168,0.239999995,1,44.99000168,41.84000015,10.03999996,Western Europe,Holanda Septentrional,COMPLETE,278,13,Under Armour Men's Compression EV SL Slide,44.99000168,0,Second Class,2015-09-23 09:57:00,2015-09-27 09:57:00,2
DEBIT,5,2,10.80000019,89.98999786,Late delivery,1,9,Cardio Equipment,Caguas,Puerto Rico,7132,Consumer,PR,725.0,3,Footwear,18.28570366,-66.37050629,Europe,Viena,Austria,7132,20234,191,10.0,0.100000001,50536,99.98999786,0.119999997,1,99.98999786,89.98999786,10.80000019,Western Europe,Viena,COMPLETE,191,9,Nike Men's Free 5.0+ Running Shoe,99.98999786,0,Second Class,2015-10-23 08:31:00,2015-10-28 08:31:00,3
DEBIT,5,2,16.71999931,87.98999786,Late delivery,1,9,Cardio Equipment,Caguas,Puerto Rico,3709,Consumer,PR,725.0,3,Footwear,18.2968502,-66.37062836,Europe,Viena,Austria,3709,13139,191,12.0,0.119999997,32867,99.98999786,0.189999998,1,99.98999786,87.98999786,16.71999931,Western Europe,Viena,COMPLETE,191,9,Nike Men's Free 5.0+ Running Shoe,99.98999786,0,Second Class,2015-07-11 18:49:00,2015-07-16 18:49:00,3
TRANSFER,5,4,28.85000038,128.2200012,Shipping canceled,0,13,Electronics,Freeport,EE. UU.,1509,Consumer,NY,11520.0,3,Footwear,40.65486527,-73.58707428,USCA,Houston,Estados Unidos,1509,33824,278,6.75,0.050000001,84424,44.99000168,0.230000004,3,134.9700012,128.2200012,28.85000038,US Center ,Texas,SUSPECTED_FRAUD,278,13,Under Armour Men's Compression EV SL Slide,44.99000168,0,Standard Class,2016-05-08 17:42:00,2016-05-13 17:42:00,1
TRANSFER,5,4,133.9100037,278.9700012,Shipping canceled,0,9,Cardio Equipment,Fort Washington,EE. UU.,1636,Consumer,MD,20744.0,3,Footwear,38.74266434,-76.9917984,USCA,Gilbert,Estados Unidos,1636,31364,191,21.0,0.07,78398,99.98999786,0.479999989,3,299.9700012,278.9700012,133.9100037,West of USA ,Arizona,SUSPECTED_FRAUD,191,9,Nike Men's Free 5.0+ Running Shoe,99.98999786,0,Standard Class,2016-04-02 19:51:00,2016-04-07 19:51:00,1
TRANSFER,6,4,79.16000366,272.9700012,Shipping canceled,0,9,Cardio Equipment,Bakersfield,EE. UU.,2784,Consumer,CA,93304.0,3,Footwear,35.36254501,-119.0186996,USCA,San Jose,Estados Unidos,2784,40495,191,27.0,0.090000004,101052,99.98999786,0.289999992,3,299.9700012,272.9700012,79.16000366,West of USA ,California,SUSPECTED_FRAUD,191,9,Nike Men's Free 5.0+ Running Shoe,99.98999786,0,Standard Class,2016-08-14 02:51:00,2016-08-20 02:51:00,2
TRANSFER,5,4,19.11000061,272.9700012,Shipping canceled,0,9,Cardio Equipment,Fort Washington,EE. UU.,1636,Consumer,MD,20744.0,3,Footwear,38.74266434,-76.9917984,USCA,Gilbert,Estados Unidos,1636,31364,191,27.0,0.090000004,78396,99.98999786,0.07,3,299.9700012,272.9700012,19.11000061,West of USA ,Arizona,SUSPECTED_FRAUD,191,9,Nike Men's Free 5.0+ Running Shoe,99.98999786,0,Standard Class,2016-04-02 19:51:00,2016-04-07 19:51:00,1
TRANSFER,2,4,10.77000046,170.9700012,Shipping canceled,0,17,Cleats,Corona,EE. UU.,9174,Consumer,NY,11368.0,4,Apparel,40.74210739,-73.86962128,USCA,Fresno,Estados Unidos,9174,34506,365,9.0,0.050000001,86191,59.99000168,0.059999999,3,179.9700012,170.9700012,10.77000046,West of USA ,California,SUSPECTED_FRAUD,365,17,Perfect Fitness Perfect Rip Deck,59.99000168,0,Standard Class,2016-05-18 16:38:00,2016-05-20 16:38:00,-2
TRANSFER,3,4,-284.5299988,167.3699951,Shipping canceled,0,17,Cleats,Cincinnati,EE. UU.,122,Consumer,OH,45238.0,4,Apparel,39.28849411,-84.3551178,USCA,Peoria,Estados Unidos,122,33607,365,12.60000038,0.07,83892,59.99000168,-1.700000048,3,179.9700012,167.3699951,-284.5299988,West of USA ,Arizona,SUSPECTED_FRAUD,365,17,Perfect Fitness Perfect Rip Deck,59.99000168,0,Standard Class,2016-05-05 13:40:00,2016-05-08 13:40:00,-1
TRANSFER,3,4,69.68000031,158.3699951,Shipping canceled,0,17,Cleats,Germantown,EE. UU.,3800,Consumer,MD,20874.0,4,Apparel,39.1836586,-77.26545715,USCA,Cincinnati,Estados Unidos,3800,32617,365,21.60000038,0.119999997,81596,59.99000168,0.439999998,3,179.9700012,158.3699951,69.68000031,East of USA,Ohio,SUSPECTED_FRAUD,365,17,Perfect Fitness Perfect Rip Deck,59.99000168,0,Standard Class,2016-04-21 02:50:00,2016-04-24 02:50:00,-1
TRANSFER,2,4,7.480000019,118.7699966,Shipping canceled,0,29,Shop By Sport,Carrollton,EE. UU.,10029,Consumer,TX,75006.0,5,Golf,32.96593094,-96.84902191,USCA,Columbus,Estados Unidos,10029,37496,627,1.200000048,0.01,93579,39.99000168,0.059999999,3,119.9700012,118.7699966,7.480000019,US Center ,Indiana,SUSPECTED_FRAUD,627,29,Under Armour Girls' Toddler Spine Surge Runni,39.99000168,0,Standard Class,2016-07-01 08:10:00,2016-07-03 08:10:00,-2
TRANSFER,3,4,11.02999973,73.5,Shipping canceled,0,26,Girls' Apparel,Germantown,EE. UU.,3800,Consumer,MD,20874.0,5,Golf,39.1836586,-77.26545715,USCA,Cincinnati,Estados Unidos,3800,32617,567,1.5,0.02,81595,25.0,0.150000006,3,75.0,73.5,11.02999973,East of USA,Ohio,SUSPECTED_FRAUD,567,26,adidas Men's Germany Black Crest Away Tee,25.0,0,Standard Class,2016-04-21 02:50:00,2016-04-24 02:50:00,-1
TRANSFER,6,4,-24.8199997,132.0,Shipping canceled,0,24,Women's Apparel,Houston,EE. UU.,2805,Consumer,TX,77093.0,5,Golf,29.83435631,-95.33792877,USCA,Ottawa,Canada,2805,49075,502,18.0,0.119999997,122703,50.0,-0.189999998,3,150.0,132.0,-24.8199997,Canada,Ontario,SUSPECTED_FRAUD,502,24,Nike Men's Dri-FIT Victory Golf Polo,50.0,0,Standard Class,2016-12-17 08:48:00,2016-12-23 08:48:00,2
TRANSFER,5,4,33.0,132.0,Shipping canceled,0,24,Women's Apparel,Freeport,EE. UU.,1509,Consumer,NY,11520.0,5,Golf,40.65486527,-73.58707428,USCA,Houston,Estados Unidos,1509,33824,502,18.0,0.119999997,84425,50.0,0.25,3,150.0,132.0,33.0,US Center ,Texas,SUSPECTED_FRAUD,502,24,Nike Men's Dri-FIT Victory Golf Polo,50.0,0,Standard Class,2016-05-08 17:42:00,2016-05-13 17:42:00,1
TRANSFER,6,4,36.54000092,130.5,Shipping canceled,0,24,Women's Apparel,Houston,EE. UU.,2805,Consumer,TX,77093.0,5,Golf,29.83435631,-95.33792877,USCA,Ottawa,Canada,2805,49075,502,19.5,0.129999995,122700,50.0,0.280000001,3,150.0,130.5,36.54000092,Canada,Ontario,SUSPECTED_FRAUD,502,24,Nike Men's Dri-FIT Victory Golf Polo,50.0,0,Standard Class,2016-12-17 08:48:00,2016-12-23 08:48:00,2
TRANSFER,4,4,-76.37000275,99.58000183,Shipping canceled,0,29,Shop By Sport,Carlisle,EE. UU.,12253,Consumer,PA,17013.0,5,Golf,40.2372818,-76.96795654,USCA,Kitchener,Canada,12253,41623,627,20.38999939,0.170000002,103905,39.99000168,-0.769999981,3,119.9700012,99.58000183,-76.37000275,Canada,Ontario,SUSPECTED_FRAUD,627,29,Under Armour Girls' Toddler Spine Surge Runni,39.99000168,0,Standard Class,2016-08-30 14:02:00,2016-09-03 14:02:00,0
TRANSFER,2,4,8.760000229,99.58000183,Shipping canceled,0,29,Shop By Sport,Los Angeles,EE. UU.,3528,Consumer,CA,90023.0,5,Golf,34.20339966,-118.6059036,USCA,Philadelphia,Estados Unidos,3528,39271,627,20.38999939,0.170000002,98043,39.99000168,0.090000004,3,119.9700012,99.58000183,8.760000229,East of USA,Pensilvania,SUSPECTED_FRAUD,627,29,Under Armour Girls' Toddler Spine Surge Runni,39.99000168,0,Standard Class,2016-07-27 06:01:00,2016-07-29 06:01:00,-2
TRANSFER,4,4,36.36999893,74.22000122,Shipping canceled,0,40,Accessories,Ewa Beach,EE. UU.,11018,Consumer,HI,96706.0,6,Outdoors,21.31185532,-158.0046844,USCA,Des Plaines,Estados Unidos,11018,38598,893,0.75,0.01,96337,24.98999977,0.49000001,3,74.97000122,74.22000122,36.36999893,US Center ,Illinois,SUSPECTED_FRAUD,893,40,Team Golf Pittsburgh Steelers Putter Grip,24.98999977,0,Standard Class,2016-07-17 10:14:00,2016-07-21 10:14:00,0
TRANSFER,6,4,18.12999916,40.29000092,Shipping canceled,0,41,Trade-In,Lakewood,EE. UU.,3222,Consumer,NJ,8701.0,6,Outdoors,40.09635925,-74.21524048,USCA,Elmhurst,Estados Unidos,3222,37845,924,7.679999828,0.159999996,94445,15.98999977,0.449999988,3,47.97000122,40.29000092,18.12999916,US Center ,Illinois,SUSPECTED_FRAUD,924,41,Glove It Urban Brick Golf Towel,15.98999977,0,Standard Class,2016-07-06 10:26:00,2016-07-12 10:26:00,2
TRANSFER,2,4,-12.98999977,227.9600067,Shipping canceled,0,17,Cleats,Rome,EE. UU.,6246,Consumer,NY,13440.0,4,Apparel,43.21662521,-75.45603943,Africa,Antananarivo,Madagascar,6246,42331,365,12.0,0.050000001,105703,59.99000168,-0.059999999,4,239.9600067,227.9600067,-12.98999977,East Africa,Analamanga,CANCELED,365,17,Perfect Fitness Perfect Rip Deck,59.99000168,0,Standard Class,2016-09-09 22:05:00,2016-09-11 22:05:00,-2
TRANSFER,6,4,74.04000092,203.9700012,Shipping canceled,0,17,Cleats,Vista,EE. UU.,8741,Consumer,CA,92083.0,4,Apparel,33.21121979,-117.2510605,Africa,Algiers,Argelia,8741,41345,365,35.99000168,0.150000006,103211,59.99000168,0.360000014,4,239.9600067,203.9700012,74.04000092,North Africa,Alger,CANCELED,365,17,Perfect Fitness Perfect Rip Deck,59.99000168,0,Standard Class,2016-08-26 12:38:00,2016-09-01 12:38:00,2
TRANSFER,4,4,90.0,200.0,Shipping canceled,0,24,Women's Apparel,Fort Worth,EE. UU.,8050,Consumer,TX,76106.0,5,Golf,32.8013916,-97.3302536,Africa,Monrovia,Liberia,8050,51168,502,0.0,0.0,127882,50.0,0.449999988,4,200.0,200.0,90.0,West Africa,Montserrado,CANCELED,502,24,Nike Men's Dri-FIT Victory Golf Polo,50.0,0,Standard Class,2017-01-16 22:04:00,2017-01-20 22:04:00,0
TRANSFER,4,4,-2.190000057,156.7599945,Shipping canceled,0,29,Shop By Sport,Fort Worth,EE. UU.,8050,Consumer,TX,76106.0,5,Golf,32.8013916,-97.3302536,Africa,Monrovia,Liberia,8050,51168,627,3.200000048,0.02,127881,39.99000168,-0.01,4,159.9600067,156.7599945,-2.190000057,West Africa,Montserrado,CANCELED,627,29,Under Armour Girls' Toddler Spine Surge Runni,39.99000168,0,Standard Class,2017-01-16 22:04:00,2017-01-20 22:04:00,0
TRANSFER,5,4,85.05000305,189.0,Shipping canceled,0,24,Women's Apparel,Fond Du Lac,EE. UU.,5474,Consumer,WI,54935.0,5,Golf,43.78569031,-88.47438049,Africa,Jartum,Sudán,5474,43599,502,11.0,0.059999999,108885,50.0,0.449999988,4,200.0,189.0,85.05000305,North Africa,Jartum,CANCELED,502,24,Nike Men's Dri-FIT Victory Golf Polo,50.0,0,Standard Class,2016-09-28 10:19:00,2016-10-03 10:19:00,1
TRANSFER,2,4,3.039999962,79.97000122,Shipping canceled,0,40,Accessories,Philadelphia,EE. UU.,474,Consumer,PA,19139.0,6,Outdoors,39.79661942,-75.47006989,Africa,Gagnoa,Costa de Marfil,474,41901,905,19.98999977,0.200000003,104591,24.98999977,0.039999999,4,99.95999908,79.97000122,3.039999962,West Africa,Fromager,CANCELED,905,40,Team Golf Texas Longhorns Putter Grip,24.98999977,0,Standard Class,2016-09-03 15:26:00,2016-09-05 15:26:00,-2
TRANSFER,2,4,-266.7900085,363.9599915,Advance shipping,0,9,Cardio Equipment,Ontario,EE. UU.,12255,Consumer,CA,91764.0,3,Footwear,34.07656479,-117.61409,Africa,Livingstone,Zambia,12255,42751,191,36.0,0.090000004,106706,99.98999786,-0.730000019,4,399.9599915,363.9599915,-266.7900085,East Africa,Meridional,PENDING,191,9,Nike Men's Free 5.0+ Running Shoe,99.98999786,0,Standard Class,2016-09-16 01:13:00,2016-09-18 01:13:00,-2
TRANSFER,4,4,64.79000092,239.9600067,Shipping on time,0,17,Cleats,Oviedo,EE. UU.,10288,Consumer,FL,32765.0,4,Apparel,28.62217712,-81.20755768,Africa,Fes,Marruecos,10288,45088,365,0.0,0.0,112591,59.99000168,0.270000011,4,239.9600067,239.9600067,64.79000092,North Africa,Fez-Bulmán,PENDING,365,17,Perfect Fitness Perfect Rip Deck,59.99000168,0,Standard Class,2016-10-20 03:59:00,2016-10-24 03:59:00,0
TRANSFER,5,4,83.62000275,230.3600006,Late delivery,1,17,Cleats,Buffalo,EE. UU.,4717,Consumer,NY,14221.0,4,Apparel,42.9666214,-78.74194336,Africa,Cairo,Egipto,4717,50489,365,9.600000381,0.039999999,126156,59.99000168,0.360000014,4,239.9600067,230.3600006,83.62000275,North Africa,El Cairo,PENDING,365,17,Perfect Fitness Perfect Rip Deck,59.99000168,0,Standard Class,2017-01-07 00:11:00,2017-01-12 00:11:00,1
TRANSFER,5,4,74.08999634,227.9600067,Late delivery,1,17,Cleats,Honolulu,EE. UU.,4799,Consumer,HI,96822.0,4,Apparel,21.30562019,-157.8386993,Africa,Dakar,Senegal,4799,44409,365,12.0,0.050000001,110862,59.99000168,0.330000013,4,239.9600067,227.9600067,74.08999634,West Africa,Dakar,PENDING,365,17,Perfect Fitness Perfect Rip Deck,59.99000168,0,Standard Class,2016-10-10 06:06:00,2016-10-15 06:06:00,1
TRANSFER,2,4,92.97000122,226.7599945,Advance shipping,0,17,Cleats,Oceanside,EE. UU.,4533,Consumer,CA,92056.0,4,Apparel,33.18587494,-117.3658524,Africa,Hurghada,Egipto,4533,42101,365,13.19999981,0.059999999,105115,59.99000168,0.409999996,4,239.9600067,226.7599945,92.97000122,North Africa,Al Bahr al Ahmar,PENDING,365,17,Perfect Fitness Perfect Rip Deck,59.99000168,0,Standard Class,2016-09-06 13:30:00,2016-09-08 13:30:00,-2
TRANSFER,5,4,70.55999756,208.7700043,Late delivery,1,17,Cleats,North Tonawanda,EE. UU.,12383,Consumer,NY,14120.0,4,Apparel,43.02910233,-78.87342072,Africa,Kenitra,Marruecos,12383,50424,365,31.19000053,0.129999995,125992,59.99000168,0.340000004,4,239.9600067,208.7700043,70.55999756,North Africa,Garb-Chrarda-Beni Hsen,PENDING,365,17,Perfect Fitness Perfect Rip Deck,59.99000168,0,Standard Class,2017-01-06 01:25:00,2017-01-11 01:25:00,1
TRANSFER,6,4,96.0,200.0,Late delivery,1,24,Women's Apparel,Clovis,EE. UU.,3518,Consumer,CA,93611.0,5,Golf,36.82690048,-119.6776962,Africa,Abidjan,Costa de Marfil,3518,49825,502,0.0,0.0,124562,50.0,0.479999989,4,200.0,200.0,96.0,West Africa,Lagunes,PENDING,502,24,Nike Men's Dri-FIT Victory Golf Polo,50.0,0,Standard Class,2016-12-28 07:33:00,2017-01-03 07:33:00,2
TRANSFER,5,4,-145.1300049,198.0,Late delivery,1,24,Women's Apparel,Jamaica,EE. UU.,4674,Consumer,NY,11434.0,5,Golf,40.70170975,-73.80841827,Africa,Hurghada,Egipto,4674,41294,502,2.0,0.01,103083,50.0,-0.730000019,4,200.0,198.0,-145.1300049,North Africa,Al Bahr al Ahmar,PENDING,502,24,Nike Men's Dri-FIT Victory Golf Polo,50.0,0,Standard Class,2016-08-25 18:46:00,2016-08-30 18:46:00,1
TRANSFER,4,4,45.0,155.1600037,Shipping on time,0,29,Shop By Sport,Granite City,EE. UU.,8519,Consumer,IL,62040.0,5,Golf,38.69002152,-90.14477539,Africa,Niamey,Níger,8519,42023,627,4.800000191,0.029999999,104898,39.99000168,0.289999992,4,159.9600067,155.1600037,45.0,West Africa,Niamey,PENDING,627,29,Under Armour Girls' Toddler Spine Surge Runni,39.99000168,0,Standard Class,2016-09-05 10:10:00,2016-09-09 10:10:00,0
TRANSFER,5,4,51.09000015,151.1600037,Late delivery,1,29,Shop By Sport,Medford,EE. UU.,5302,Consumer,MA,2155.0,5,Golf,42.41968918,-71.10621643,Africa,Sale,Marruecos,5302,47774,627,8.800000191,0.059999999,119464,39.99000168,0.340000004,4,159.9600067,151.1600037,51.09000015,North Africa,Rabat-Salé-Zemur-Zaer,PENDING,627,29,Under Armour Girls' Toddler Spine Surge Runni,39.99000168,0,Standard Class,2016-11-28 09:00:00,2016-12-03 09:00:00,1
TRANSFER,3,4,31.25,111.5999985,Advance shipping,0,26,Girls' Apparel,Pomona,EE. UU.,3594,Consumer,CA,91766.0,5,Golf,34.04991913,-117.7161026,Africa,Pretoria,SudAfrica,3594,41827,564,8.399999619,0.07,104416,30.0,0.280000001,4,120.0,111.5999985,31.25,Southern Africa,Gauteng,PENDING,564,26,Nike Men's Deutschland Weltmeister Winners Bl,30.0,0,Standard Class,2016-09-02 13:30:00,2016-09-05 13:30:00,-1
TRANSFER,4,4,-459.0,170.0,Shipping on time,0,24,Women's Apparel,Tempe,EE. UU.,9890,Consumer,AZ,85281.0,5,Golf,33.41519928,-111.9199905,Africa,Marrakech,Marruecos,9890,47193,502,30.0,0.150000006,117955,50.0,-2.700000048,4,200.0,170.0,-459.0,North Africa,Marrakech-Tensift-Al Hauz,PENDING,502,24,Nike Men's Dri-FIT Victory Golf Polo,50.0,0,Standard Class,2016-11-19 21:27:00,2016-11-23 21:27:00,0
TRANSFER,2,4,-248.0,160.0,Advance shipping,0,24,Women's Apparel,Santa Ana,EE. UU.,1410,Consumer,CA,92703.0,5,Golf,33.74279404,-117.8847504,Africa,Bur Sudan,Sudán,1410,42626,502,40.0,0.200000003,106390,50.0,-1.549999952,4,200.0,160.0,-248.0,North Africa,Mar Rojo,PENDING,502,24,Nike Men's Dri-FIT Victory Golf Polo,50.0,0,Standard Class,2016-09-14 05:26:00,2016-09-16 05:26:00,-2
TRANSFER,5,4,13.19999981,150.0,Late delivery,1,24,Women's Apparel,York,EE. UU.,7521,Consumer,PA,17402.0,5,Golf,39.9602356,-76.67675781,Africa,Lagos,Nigeria,7521,46199,502,50.0,0.25,115493,50.0,0.090000004,4,200.0,150.0,13.19999981,West Africa,Lagos,PENDING,502,24,Nike Men's Dri-FIT Victory Golf Polo,50.0,0,Standard Class,2016-11-05 09:13:00,2016-11-10 09:13:00,1
TRANSFER,4,4,46.29000092,94.45999908,Shipping on time,0,40,Accessories,Aurora,EE. UU.,2106,Consumer,CO,80010.0,6,Outdoors,39.74543381,-104.8753815,Africa,Lagos,Nigeria,2106,48468,885,5.5,0.059999999,121217,24.98999977,0.49000001,4,99.95999908,94.45999908,46.29000092,West Africa,Lagos,PENDING,885,40,Team Golf St. Louis Cardinals Putter Grip,24.98999977,0,Standard Class,2016-12-08 12:08:00,2016-12-12 12:08:00,0
TRANSFER,5,4,182.1399994,395.9599915,Late delivery,1,9,Cardio Equipment,Simi Valley,EE. UU.,8144,Consumer,CA,93065.0,3,Footwear,34.27391052,-118.7662125,Africa,Quelimane,Mozambique,8144,51009,191,4.0,0.01,127490,99.98999786,0.460000008,4,399.9599915,395.9599915,182.1399994,East Africa,Zambezia,PROCESSING,191,9,Nike Men's Free 5.0+ Running Shoe,99.98999786,0,Standard Class,2017-01-14 14:22:00,2017-01-19 14:22:00,1
TRANSFER,5,4,-261.4400024,391.9599915,Late delivery,1,9,Cardio Equipment,Silver Spring,EE. UU.,5643,Consumer,MD,20904.0,3,Footwear,39.04636002,-76.98272705,Africa,Port Elizabeth,SudAfrica,5643,46229,191,8.0,0.02,115564,99.98999786,-0.670000017,4,399.9599915,391.9599915,-261.4400024,Southern Africa,Cabo Oriental,PROCESSING,191,9,Nike Men's Free 5.0+ Running Shoe,99.98999786,0,Standard Class,2016-11-05 19:43:00,2016-11-10 19:43:00,1
TRANSFER,3,4,178.5800018,379.9599915,Advance shipping,0,9,Cardio Equipment,Saint Paul,EE. UU.,2041,Consumer,MN,55124.0,3,Footwear,44.72552109,-93.20613098,Africa,Shinyanga,Tanzania,2041,42882,191,20.0,0.050000001,107084,99.98999786,0.469999999,4,399.9599915,379.9599915,178.5800018,East Africa,Shinyanga,PROCESSING,191,9,Nike Men's Free 5.0+ Running Shoe,99.98999786,0,Standard Class,2016-09-17 23:07:00,2016-09-20 23:07:00,-1
TRANSFER,3,4,167.4199982,363.9599915,Advance shipping,0,9,Cardio Equipment,San Antonio,EE. UU.,7537,Consumer,TX,78201.0,3,Footwear,29.45598984,-98.52809143,Africa,Kismaayo,Somalia,7537,46827,191,36.0,0.090000004,117074,99.98999786,0.460000008,4,399.9599915,363.9599915,167.4199982,East Africa,Jubbada Hoose,PROCESSING,191,9,Nike Men's Free 5.0+ Running Shoe,99.98999786,0,Standard Class,2016-11-14 13:14:00,2016-11-17 13:14:00,-1
TRANSFER,5,4,-76.66999817,359.9599915,Late delivery,1,9,Cardio Equipment,Philadelphia,EE. UU.,3056,Consumer,PA,19143.0,3,Footwear,39.95672989,-75.19525909,Africa,Butare,Ruanda,3056,48684,191,40.0,0.100000001,121737,99.98999786,-0.209999993,4,399.9599915,359.9599915,-76.66999817,East Africa,Meridional,PROCESSING,191,9,Nike Men's Free 5.0+ Running Shoe,99.98999786,0,Standard Class,2016-12-11 15:49:00,2016-12-16 15:49:00,1
TRANSFER,5,4,165.4199982,351.9599915,Late delivery,1,9,Cardio Equipment,Philadelphia,EE. UU.,3056,Consumer,PA,19143.0,3,Footwear,39.95672989,-75.19525909,Africa,Butare,Ruanda,3056,48684,191,48.0,0.119999997,121735,99.98999786,0.469999999,4,399.9599915,351.9599915,165.4199982,East Africa,Meridional,PROCESSING,191,9,Nike Men's Free 5.0+ Running Shoe,99.98999786,0,Standard Class,2016-12-11 15:49:00,2016-12-16 15:49:00,1
TRANSFER,2,4,-82.01000214,351.9599915,Advance shipping,0,9,Cardio Equipment,Philadelphia,EE. UU.,7967,Consumer,PA,19149.0,3,Footwear,40.03775024,-75.06806183,Africa,Cairo,Egipto,7967,46416,191,48.0,0.119999997,116042,99.98999786,-0.230000004,4,399.9599915,351.9599915,-82.01000214,North Africa,El Cairo,PROCESSING,191,9,Nike Men's Free 5.0+ Running Shoe,99.98999786,0,Standard Class,2016-11-08 13:14:00,2016-11-10 13:14:00,-2
TRANSFER,4,4,91.79000092,339.9700012,Shipping on time,0,9,Cardio Equipment,Bronx,EE. UU.,1758,Consumer,NY,10466.0,3,Footwear,40.86353684,-73.87049866,Africa,Newcastle,SudAfrica,1758,47343,191,59.99000168,0.150000006,118360,99.98999786,0.270000011,4,399.9599915,339.9700012,91.79000092,Southern Africa,KwaZulu-Natal,PROCESSING,191,9,Nike Men's Free 5.0+ Running Shoe,99.98999786,0,Standard Class,2016-11-22 02:00:00,2016-11-26 02:00:00,0
DEBIT,2,4,40.56000137,124.7900009,Advance shipping,0,18,Men's Footwear,Greenville,EE. UU.,7884,Corporate,NC,27858.0,4,Apparel,35.60034943,-77.33486939,Pacific Asia,Estambul,Turquía,7884,41686,403,5.199999809,0.039999999,104060,129.9900055,0.330000013,1,129.9900055,124.7900009,40.56000137,West Asia,Estambul,COMPLETE,403,18,Nike Men's CJ Elite 2 TD Football Cleat,129.9900055,0,Standard Class,2016-08-31 12:06:00,2016-09-02 12:06:00,-2
DEBIT,2,4,41.18000031,124.7900009,Advance shipping,0,18,Men's Footwear,Morristown,EE. UU.,289,Corporate,NJ,7960.0,4,Apparel,40.80119324,-74.48561096,Pacific Asia,Jerusalén,Israel,289,41896,403,5.199999809,0.039999999,104577,129.9900055,0.330000013,1,129.9900055,124.7900009,41.18000031,West Asia,Jerusalén,COMPLETE,403,18,Nike Men's CJ Elite 2 TD Football Cleat,129.9900055,0,Standard Class,2016-09-03 13:41:00,2016-09-05 13:41:00,-2
DEBIT,4,4,27.36000061,56.99000168,Shipping on time,0,17,Cleats,San Diego,EE. UU.,10081,Corporate,CA,92115.0,4,Apparel,32.77627945,-117.1342163,Pacific Asia,Gold Coast,Australia,10081,28168,365,3.0,0.050000001,70443,59.99000168,0.479999989,1,59.99000168,56.99000168,27.36000061,Oceania,Queensland,COMPLETE,365,17,Perfect Fitness Perfect Rip Deck,59.99000168,0,Standard Class,2016-02-16 04:09:00,2016-02-20 04:09:00,0
DEBIT,3,4,26.05999947,123.4899979,Advance shipping,0,18,Men's Footwear,Oxnard,EE. UU.,1169,Corporate,CA,93030.0,4,Apparel,34.19039154,-119.177803,Pacific Asia,Newcastle,Australia,1169,24992,403,6.5,0.050000001,62621,129.9900055,0.209999993,1,129.9900055,123.4899979,26.05999947,Oceania,Nueva Gales del Sur,COMPLETE,403,18,Nike Men's CJ Elite 2 TD Football Cleat,129.9900055,0,Standard Class,2015-12-31 19:27:00,2016-01-03 19:27:00,-1
DEBIT,2,4,32.47999954,123.4899979,Advance shipping,0,18,Men's Footwear,Miami,EE. UU.,1182,Corporate,FL,33147.0,4,Apparel,25.82507515,-80.19588471,Pacific Asia,Porirua,Nueva Zelanda,1182,30851,403,6.5,0.050000001,77102,129.9900055,0.25999999,1,129.9900055,123.4899979,32.47999954,Oceania,Wellington,COMPLETE,403,18,Nike Men's CJ Elite 2 TD Football Cleat,129.9900055,0,Standard Class,2016-03-26 08:07:00,2016-03-28 08:07:00,-2
DEBIT,5,4,35.81000137,123.4899979,Late delivery,1,18,Men's Footwear,Albuquerque,EE. UU.,717,Corporate,NM,87111.0,4,Apparel,35.13143921,-106.5452042,Pacific Asia,Mildura,Australia,717,25074,403,6.5,0.050000001,62834,129.9900055,0.289999992,1,129.9900055,123.4899979,35.81000137,Oceania,Victoria,COMPLETE,403,18,Nike Men's CJ Elite 2 TD Football Cleat,129.9900055,0,Standard Class,2016-01-02 00:11:00,2016-01-07 00:11:00,1
DEBIT,6,4,102.5100021,205.0299988,Late delivery,1,76,Women's Clothing,Amarillo,EE. UU.,20423,Corporate,TX,79109.0,4,Apparel,35.18754196,-101.8676224,Pacific Asia,Brisbane,Australia,20423,76870,1363,10.78999996,0.050000001,180185,215.8200073,0.5,1,215.8200073,205.0299988,102.5100021,Oceania,Queensland,COMPLETE,1363,76,Summer dresses,215.8200073,0,Standard Class,2018-01-27 02:38:00,2018-02-02 02:38:00,2
DEBIT,4,4,15.43999958,123.4899979,Shipping on time,0,18,Men's Footwear,Lutz,EE. UU.,5801,Corporate,FL,33549.0,4,Apparel,28.08681297,-82.43898773,Pacific Asia,Daca,Bangladés,5801,25163,403,6.5,0.050000001,63064,129.9900055,0.129999995,1,129.9900055,123.4899979,15.43999958,South Asia,Daca,COMPLETE,403,18,Nike Men's CJ Elite 2 TD Football Cleat,129.9900055,0,Standard Class,2016-01-03 07:22:00,2016-01-07 07:22:00,0
DEBIT,2,4,4.570000172,123.4899979,Advance shipping,0,18,Men's Footwear,Bend,EE. UU.,702,Corporate,OR,97701.0,4,Apparel,44.07210541,-12.13232708,Pacific Asia,Kanpur,India,702,28036,403,6.5,0.050000001,70143,129.9900055,0.039999999,1,129.9900055,123.4899979,4.570000172,South Asia,Uttar Pradesh,COMPLETE,403,18,Nike Men's CJ Elite 2 TD Football Cleat,129.9900055,0,Standard Class,2016-02-14 05:54:00,2016-02-16 05:54:00,-2
DEBIT,5,4,61.75,123.4899979,Late delivery,1,18,Men's Footwear,East Brunswick,EE. UU.,6951,Corporate,NJ,8816.0,4,Apparel,40.41255188,-74.41832733,Pacific Asia,Bangkok,Tailandia,6951,22679,403,6.5,0.050000001,56759,129.9900055,0.5,1,129.9900055,123.4899979,61.75,Southeast Asia,Bangkok,COMPLETE,403,18,Nike Men's CJ Elite 2 TD Football Cleat,129.9900055,0,Standard Class,2015-11-28 01:06:00,2015-12-03 01:06:00,1
DEBIT,6,4,38.65000153,123.4899979,Late delivery,1,18,Men's Footwear,Lancaster,EE. UU.,6780,Corporate,SC,29720.0,4,Apparel,34.85777283,-80.84423828,Pacific Asia,Bangkok,Tailandia,6780,23610,403,6.5,0.050000001,59059,129.9900055,0.310000002,1,129.9900055,123.4899979,38.65000153,Southeast Asia,Bangkok,COMPLETE,403,18,Nike Men's CJ Elite 2 TD Football Cleat,129.9900055,0,Standard Class,2015-12-11 15:17:00,2015-12-17 15:17:00,2
DEBIT,4,4,14.25,56.99000168,Shipping on time,0,17,Cleats,Ontario,EE. UU.,6422,Corporate,CA,91762.0,4,Apparel,34.06832504,-117.6557541,Pacific Asia,Bagdad,Irak,6422,42828,365,3.0,0.050000001,106946,59.99000168,0.25,1,59.99000168,56.99000168,14.25,West Asia,Bagdad,COMPLETE,365,17,Perfect Fitness Perfect Rip Deck,59.99000168,0,Standard Class,2016-09-17 04:12:00,2016-09-21 04:12:00,0
DEBIT,2,4,-6.170000076,123.4899979,Advance shipping,0,18,Men's Footwear,Morristown,EE. UU.,289,Corporate,NJ,7960.0,4,Apparel,40.80119324,-74.48561096,Pacific Asia,Jerusalén,Israel,289,41896,403,6.5,0.050000001,104576,129.9900055,-0.050000001,1,129.9900055,123.4899979,-6.170000076,West Asia,Jerusalén,COMPLETE,403,18,Nike Men's CJ Elite 2 TD Football Cleat,129.9900055,0,Standard Class,2016-09-03 13:41:00,2016-09-05 13:41:00,-2
DEBIT,4,4,20.12999916,123.4899979,Shipping on time,0,18,Men's Footwear,Houston,EE. UU.,5384,Corporate,TX,77015.0,4,Apparel,29.7805748,-95.17199707,Pacific Asia,Adana,Turquía,5384,48713,403,6.5,0.050000001,121833,129.9900055,0.159999996,1,129.9900055,123.4899979,20.12999916,West Asia,Adana,COMPLETE,403,18,Nike Men's CJ Elite 2 TD Football Cleat,129.9900055,0,Standard Class,2016-12-12 01:59:00,2016-12-16 01:59:00,0
DEBIT,4,4,54.34000015,123.4899979,Shipping on time,0,18,Men's Footwear,Hampton,EE. UU.,2985,Corporate,VA,23666.0,4,Apparel,37.05174255,-76.40163422,Pacific Asia,Riyadh,Arabia Saudí,2985,45668,403,6.5,0.050000001,114148,129.9900055,0.439999998,1,129.9900055,123.4899979,54.34000015,West Asia,Riad,COMPLETE,403,18,Nike Men's CJ Elite 2 TD Football Cleat,129.9900055,0,Standard Class,2016-10-28 15:11:00,2016-11-01 15:11:00,0
DEBIT,2,4,43.61000061,436.1000061,Advance shipping,0,66,Crafts,New York,EE. UU.,18349,Corporate,NY,10016.0,4,Apparel,40.74559021,-73.97927856,Pacific Asia,Shenzhen,China,18349,74796,1353,25.37999916,0.059999999,178111,461.480011,0.100000001,1,461.480011,436.1000061,43.61000061,Eastern Asia,Guangdong,COMPLETE,1353,66,Porcelain crafts,461.480011,0,Standard Class,2017-12-27 20:01:00,2017-12-29 20:01:00,-2
DEBIT,4,4,42.99000168,122.8399963,Shipping on time,0,18,Men's Footwear,Porterville,EE. UU.,11286,Corporate,CA,93257.0,4,Apparel,35.93829727,-118.9438477,Pacific Asia,Tianjin,China,11286,27918,403,7.150000095,0.059999999,69867,129.9900055,0.349999994,1,129.9900055,122.8399963,42.99000168,Eastern Asia,Tianjin,COMPLETE,403,18,Nike Men's CJ Elite 2 TD Football Cleat,129.9900055,0,Standard Class,2016-02-12 12:34:00,2016-02-16 12:34:00,0
DEBIT,3,4,19.84000015,56.68999863,Advance shipping,0,17,Cleats,Portland,EE. UU.,489,Corporate,OR,97223.0,4,Apparel,45.59825897,-12.27242851,Pacific Asia,Perth,Australia,489,30097,365,3.299999952,0.059999999,75233,59.99000168,0.349999994,1,59.99000168,56.68999863,19.84000015,Oceania,Australia Occidental,COMPLETE,365,17,Perfect Fitness Perfect Rip Deck,59.99000168,0,Standard Class,2016-03-15 07:58:00,2016-03-18 07:58:00,-1
DEBIT,2,4,54.04999924,122.8399963,Advance shipping,0,18,Men's Footwear,Strongsville,EE. UU.,4510,Corporate,OH,44136.0,4,Apparel,41.3469696,-81.82631683,Pacific Asia,Dunedin,Nueva Zelanda,4510,30966,403,7.150000095,0.059999999,77398,129.9900055,0.439999998,1,129.9900055,122.8399963,54.04999924,Oceania,Otago,COMPLETE,403,18,Nike Men's CJ Elite 2 TD Football Cleat,129.9900055,0,Standard Class,2016-03-28 00:25:00,2016-03-30 00:25:00,-2
DEBIT,4,4,-184.2599945,122.8399963,Shipping on time,0,18,Men's Footwear,El Paso,EE. UU.,9626,Corporate,TX,79927.0,4,Apparel,31.65174103,-106.2676239,Pacific Asia,Melbourne,Australia,9626,30063,403,7.150000095,0.059999999,75154,129.9900055,-1.5,1,129.9900055,122.8399963,-184.2599945,Oceania,Victoria,COMPLETE,403,18,Nike Men's CJ Elite 2 TD Football Cleat,129.9900055,0,Standard Class,2016-03-14 20:03:00,2016-03-18 20:03:00,0
DEBIT,5,4,39.91999817,122.8399963,Late delivery,1,18,Men's Footwear,Del Rio,EE. UU.,9494,Corporate,TX,78840.0,4,Apparel,29.77310181,-100.6121979,Pacific Asia,Ulhasnagar,India,9494,22019,403,7.150000095,0.059999999,55063,129.9900055,0.330000013,1,129.9900055,122.8399963,39.91999817,South Asia,Maharashtra,COMPLETE,403,18,Nike Men's CJ Elite 2 TD Football Cleat,129.9900055,0,Standard Class,2015-11-18 09:53:00,2015-11-23 09:53:00,1
DEBIT,6,4,41.52000046,122.8399963,Late delivery,1,18,Men's Footwear,Buffalo,EE. UU.,1718,Corporate,NY,14221.0,4,Apparel,42.9666214,-78.74194336,Pacific Asia,Manila,Filipinas,1718,24230,403,7.150000095,0.059999999,60624,129.9900055,0.340000004,1,129.9900055,122.8399963,41.52000046,Southeast Asia,Capital Nacional,COMPLETE,403,18,Nike Men's CJ Elite 2 TD Football Cleat,129.9900055,0,Standard Class,2015-12-20 16:29:00,2015-12-26 16:29:00,2
DEBIT,4,4,9.210000038,122.8399963,Shipping on time,0,18,Men's Footwear,Houston,EE. UU.,5384,Corporate,TX,77015.0,4,Apparel,29.7805748,-95.17199707,Pacific Asia,Adana,Turquía,5384,48713,403,7.150000095,0.059999999,121830,129.9900055,0.079999998,1,129.9900055,122.8399963,9.210000038,West Asia,Adana,COMPLETE,403,18,Nike Men's CJ Elite 2 TD Football Cleat,129.9900055,0,Standard Class,2016-12-12 01:59:00,2016-12-16 01:59:00,0
DEBIT,4,4,12.27999973,122.8399963,Shipping on time,0,18,Men's Footwear,Bountiful,EE. UU.,5295,Corporate,UT,84010.0,4,Apparel,40.86649323,-111.8493271,Pacific Asia,Mersin,Turquía,5295,42353,403,7.150000095,0.059999999,105750,129.9900055,0.100000001,1,129.9900055,122.8399963,12.27999973,West Asia,Mersin,COMPLETE,403,18,Nike Men's CJ Elite 2 TD Football Cleat,129.9900055,0,Standard Class,2016-09-10 05:47:00,2016-09-14 05:47:00,0
DEBIT,4,4,36.84999847,122.8399963,Shipping on time,0,18,Men's Footwear,Hampton,EE. UU.,2985,Corporate,VA,23666.0,4,Apparel,37.05174255,-76.40163422,Pacific Asia,Riyadh,Arabia Saudí,2985,45668,403,7.150000095,0.059999999,114147,129.9900055,0.300000012,1,129.9900055,122.8399963,36.84999847,West Asia,Riad,COMPLETE,403,18,Nike Men's CJ Elite 2 TD Football Cleat,129.9900055,0,Standard Class,2016-10-28 15:11:00,2016-11-01 15:11:00,0
DEBIT,5,4,60.45000076,120.8899994,Late delivery,1,18,Men's Footwear,Kent,EE. UU.,3984,Corporate,WA,98031.0,4,Apparel,47.39371109,-122.2228317,Pacific Asia,Temirtau,Kazajistán,3984,42134,403,9.100000381,0.07,105206,129.9900055,0.5,1,129.9900055,120.8899994,60.45000076,Central Asia,Karagandá,COMPLETE,403,18,Nike Men's CJ Elite 2 TD Football Cleat,129.9900055,0,Standard Class,2016-09-07 01:04:00,2016-09-12 01:04:00,1
DEBIT,3,4,-29.37999916,120.8899994,Advance shipping,0,18,Men's Footwear,Chicago,EE. UU.,5270,Corporate,IL,60620.0,4,Apparel,41.74866486,-87.66320038,Pacific Asia,Tengzhou,China,5270,21522,403,9.100000381,0.07,53808,129.9900055,-0.239999995,1,129.9900055,120.8899994,-29.37999916,Eastern Asia,Shandong,COMPLETE,403,18,Nike Men's CJ Elite 2 TD Football Cleat,129.9900055,0,Standard Class,2015-11-11 03:45:00,2015-11-14 03:45:00,-1
DEBIT,3,4,15.10999966,120.8899994,Advance shipping,0,18,Men's Footwear,Plymouth,EE. UU.,10966,Corporate,MA,2360.0,4,Apparel,41.95851135,-70.66861725,Pacific Asia,Nantong,China,10966,23767,403,9.100000381,0.07,59474,129.9900055,0.129999995,1,129.9900055,120.8899994,15.10999966,Eastern Asia,Jiangsu,COMPLETE,403,18,Nike Men's CJ Elite 2 TD Football Cleat,129.9900055,0,Standard Class,2015-12-13 22:17:00,2015-12-16 22:17:00,-1
DEBIT,4,4,-105.7799988,120.8899994,Shipping on time,0,18,Men's Footwear,Far Rockaway,EE. UU.,1868,Corporate,NY,11691.0,4,Apparel,40.59949493,-73.76248169,Pacific Asia,Dalian,China,1868,25433,403,9.100000381,0.07,63711,129.9900055,-0.879999995,1,129.9900055,120.8899994,-105.7799988,Eastern Asia,Liaoning,COMPLETE,403,18,Nike Men's CJ Elite 2 TD Football Cleat,129.9900055,0,Standard Class,2016-01-07 05:57:00,2016-01-11 05:57:00,0
DEBIT,4,4,72.86000061,200.7100067,Shipping on time,0,76,Women's Clothing,Houston,EE. UU.,17446,Corporate,TX,77088.0,4,Apparel,29.66958237,-95.24147034,Pacific Asia,Lianyuan,China,17446,73893,1363,15.10999966,0.07,177208,215.8200073,0.360000014,1,215.8200073,200.7100067,72.86000061,Eastern Asia,Hunan,COMPLETE,1363,76,Summer dresses,215.8200073,0,Standard Class,2017-12-14 15:39:00,2017-12-18 15:39:00,0
DEBIT,6,4,26.78000069,55.79000092,Late delivery,1,17,Cleats,Philadelphia,EE. UU.,10071,Corporate,PA,19124.0,4,Apparel,40.01562119,-75.08410645,Pacific Asia,Caloundra,Australia,10071,30085,365,4.199999809,0.07,75205,59.99000168,0.479999989,1,59.99000168,55.79000092,26.78000069,Oceania,Queensland,COMPLETE,365,17,Perfect Fitness Perfect Rip Deck,59.99000168,0,Standard Class,2016-03-15 03:45:00,2016-03-21 03:45:00,2
DEBIT,3,4,31.79000092,120.8899994,Advance shipping,0,18,Men's Footwear,Simi Valley,EE. UU.,1271,Corporate,CA,93065.0,4,Apparel,34.27391052,-118.7662125,Pacific Asia,Melbourne,Australia,1271,30172,403,9.100000381,0.07,75410,129.9900055,0.25999999,1,129.9900055,120.8899994,31.79000092,Oceania,Victoria,COMPLETE,403,18,Nike Men's CJ Elite 2 TD Football Cleat,129.9900055,0,Standard Class,2016-03-16 10:14:00,2016-03-19 10:14:00,-1
DEBIT,4,4,7.619999886,120.8899994,Shipping on time,0,18,Men's Footwear,Detroit,EE. UU.,11930,Corporate,MI,48227.0,4,Apparel,42.39807892,-83.20157623,Pacific Asia,Bendigo,Australia,11930,27478,403,9.100000381,0.07,68790,129.9900055,0.059999999,1,129.9900055,120.8899994,7.619999886,Oceania,Victoria,COMPLETE,403,18,Nike Men's CJ Elite 2 TD Football Cleat,129.9900055,0,Standard Class,2016-02-06 02:25:00,2016-02-10 02:25:00,0
DEBIT,2,4,62.8199997,200.7100067,Advance shipping,0,76,Women's Clothing,Garden Grove,EE. UU.,20529,Corporate,CA,92840.0,4,Apparel,33.77366638,-118.0033035,Pacific Asia,Adelaide,Australia,20529,76976,1363,15.10999966,0.07,180291,215.8200073,0.310000002,1,215.8200073,200.7100067,62.8199997,Oceania,Australia del Sur,COMPLETE,1363,76,Summer dresses,215.8200073,0,Standard Class,2018-01-28 15:46:00,2018-01-30 15:46:00,-2
DEBIT,4,4,-187.3800049,120.8899994,Shipping on time,0,18,Men's Footwear,San Diego,EE. UU.,8358,Corporate,CA,92105.0,4,Apparel,32.74953461,-117.1046524,Pacific Asia,Ajmer,India,8358,24063,403,9.100000381,0.07,60210,129.9900055,-1.549999952,1,129.9900055,120.8899994,-187.3800049,South Asia,Rajastán,COMPLETE,403,18,Nike Men's CJ Elite 2 TD Football Cleat,129.9900055,0,Standard Class,2015-12-18 05:59:00,2015-12-22 05:59:00,0
DEBIT,5,4,31.43000031,120.8899994,Late delivery,1,18,Men's Footwear,Chicago,EE. UU.,7705,Corporate,IL,60609.0,4,Apparel,41.89551926,-87.71821594,Pacific Asia,Kerman,Irán,7705,51209,403,9.100000381,0.07,127964,129.9900055,0.25999999,1,129.9900055,120.8899994,31.43000031,South Asia,Kerman,COMPLETE,403,18,Nike Men's CJ Elite 2 TD Football Cleat,129.9900055,0,Standard Class,2017-01-17 12:26:00,2017-01-22 12:26:00,1
DEBIT,5,4,-140.5,200.7100067,Late delivery,1,76,Women's Clothing,Placentia,EE. UU.,17392,Corporate,CA,92870.0,4,Apparel,33.99459839,-117.9534302,Pacific Asia,Vadodara,India,17392,73839,1363,15.10999966,0.07,177154,215.8200073,-0.699999988,1,215.8200073,200.7100067,-140.5,South Asia,Guyarat,COMPLETE,1363,76,Summer dresses,215.8200073,0,Standard Class,2017-12-13 20:44:00,2017-12-18 20:44:00,1
DEBIT,4,4,37.77000046,429.1799927,Shipping on time,0,66,Crafts,San Jose,EE. UU.,18276,Corporate,CA,95148.0,4,Apparel,37.32554245,-121.7993469,Pacific Asia,Semarang,Indonesia,18276,74723,1353,32.29999924,0.07,178038,461.480011,0.090000004,1,461.480011,429.1799927,37.77000046,Southeast Asia,Java Central,COMPLETE,1353,66,Porcelain crafts,461.480011,0,Standard Class,2017-12-26 18:26:00,2017-12-30 18:26:00,0
DEBIT,2,4,-193.4299927,120.8899994,Advance shipping,0,18,Men's Footwear,Honolulu,EE. UU.,7795,Corporate,HI,96822.0,4,Apparel,21.30562019,-157.8386993,Pacific Asia,Cirebon,Indonesia,7795,26821,403,9.100000381,0.07,67197,129.9900055,-1.600000024,1,129.9900055,120.8899994,-193.4299927,Southeast Asia,Java Occidental,COMPLETE,403,18,Nike Men's CJ Elite 2 TD Football Cleat,129.9900055,0,Standard Class,2016-01-27 12:14:00,2016-01-29 12:14:00,-2
DEBIT,3,4,76.26999664,200.7100067,Advance shipping,0,76,Women's Clothing,Mentor,EE. UU.,20655,Corporate,OH,44060.0,4,Apparel,41.71363831,-81.36167908,Pacific Asia,Rangún,Myanmar (Birmania),20655,77102,1363,15.10999966,0.07,180417,215.8200073,0.379999995,1,215.8200073,200.7100067,76.26999664,Southeast Asia,Rangún,COMPLETE,1363,76,Summer dresses,215.8200073,0,Standard Class,2018-01-30 11:54:00,2018-02-02 11:54:00,-1
DEBIT,4,4,12.09000015,120.8899994,Shipping on time,0,18,Men's Footwear,Santa Clara,EE. UU.,2454,Corporate,CA,95051.0,4,Apparel,37.34306717,-121.9839325,Pacific Asia,Kütahya,Turquía,2454,41608,403,9.100000381,0.07,103859,129.9900055,0.100000001,1,129.9900055,120.8899994,12.09000015,West Asia,Kütahya,COMPLETE,403,18,Nike Men's CJ Elite 2 TD Football Cleat,129.9900055,0,Standard Class,2016-08-30 08:47:00,2016-09-03 08:47:00,0
DEBIT,5,4,32.63999939,120.8899994,Late delivery,1,18,Men's Footwear,Union,EE. UU.,150,Corporate,NJ,7083.0,4,Apparel,33.68896103,-117.9957428,Pacific Asia,Bagdad,Irak,150,47009,403,9.100000381,0.07,117478,129.9900055,0.270000011,1,129.9900055,120.8899994,32.63999939,West Asia,Bagdad,COMPLETE,403,18,Nike Men's CJ Elite 2 TD Football Cleat,129.9900055,0,Standard Class,2016-11-17 04:59:00,2016-11-22 04:59:00,1
DEBIT,2,4,24.84000015,118.2900009,Advance shipping,0,18,Men's Footwear,Long Beach,EE. UU.,10671,Corporate,CA,90805.0,4,Apparel,33.79319763,-118.1895294,Pacific Asia,Namangán,Uzbekistán,10671,49916,403,11.69999981,0.090000004,124787,129.9900055,0.209999993,1,129.9900055,118.2900009,24.84000015,Central Asia,Namangán,COMPLETE,403,18,Nike Men's CJ Elite 2 TD Football Cleat,129.9900055,0,Standard Class,2016-12-29 15:26:00,2016-12-31 15:26:00,-2
DEBIT,2,4,6.170000076,54.59000015,Advance shipping,0,17,Cleats,Westminster,EE. UU.,11924,Corporate,CA,92683.0,4,Apparel,33.75820923,-118.0019073,Pacific Asia,Xinzhou,China,11924,29746,365,5.400000095,0.090000004,74420,59.99000168,0.109999999,1,59.99000168,54.59000015,6.170000076,Eastern Asia,Hubei,COMPLETE,365,17,Perfect Fitness Perfect Rip Deck,59.99000168,0,Standard Class,2016-03-10 04:59:00,2016-03-12 04:59:00,-2
DEBIT,4,4,94.01999664,191.8699951,Shipping on time,0,70,Men's Clothing,Pompano Beach,EE. UU.,16086,Corporate,FL,33068.0,4,Apparel,26.21472931,-80.23004913,Pacific Asia,Mudanjiang,China,16086,72533,1357,18.97999954,0.090000004,175848,210.8500061,0.49000001,1,210.8500061,191.8699951,94.01999664,Eastern Asia,Heilongjiang,COMPLETE,1357,70,Men's gala suit,210.8500061,0,Standard Class,2017-11-24 19:11:00,2017-11-28 19:11:00,0
DEBIT,4,4,22.5,225.0,Shipping on time,0,24,Women's Apparel,Azusa,EE. UU.,4398,Consumer,CA,91702.0,5,Golf,34.13932037,-117.9074402,Africa,Lokossa,Benín,4398,48608,502,25.0,0.100000001,121561,50.0,0.100000001,5,250.0,225.0,22.5,West Africa,Mono,COMPLETE,502,24,Nike Men's Dri-FIT Victory Golf Polo,50.0,0,Standard Class,2016-12-10 13:11:00,2016-12-14 13:11:00,0
DEBIT,2,4,15.39999962,220.0,Advance shipping,0,24,Women's Apparel,Fort Lauderdale,EE. UU.,5687,Consumer,FL,33324.0,5,Golf,26.0984993,-80.27095032,Africa,Ikot Ekpene,Nigeria,5687,45506,502,30.0,0.119999997,113719,50.0,0.07,5,250.0,220.0,15.39999962,West Africa,Akwa Ibom,COMPLETE,502,24,Nike Men's Dri-FIT Victory Golf Polo,50.0,0,Standard Class,2016-10-26 06:25:00,2016-10-28 06:25:00,-2
DEBIT,3,4,52.18999863,173.9600067,Advance shipping,0,29,Shop By Sport,San Antonio,EE. UU.,8534,Consumer,TX,78201.0,5,Golf,29.46007919,-98.52754211,Africa,Warri,Nigeria,8534,45027,627,25.98999977,0.129999995,112427,39.99000168,0.300000012,5,199.9499969,173.9600067,52.18999863,West Africa,Delta,COMPLETE,627,29,Under Armour Girls' Toddler Spine Surge Runni,39.99000168,0,Standard Class,2016-10-19 06:36:00,2016-10-22 06:36:00,-1
DEBIT,4,4,84.98000336,169.9600067,Shipping on time,0,29,Shop By Sport,Princeton,EE. UU.,3372,Consumer,NJ,8540.0,5,Golf,40.35742188,-74.64842224,Africa,Bandundu,República Democrática del Congo,3372,46308,627,29.98999977,0.150000006,115752,39.99000168,0.5,5,199.9499969,169.9600067,84.98000336,Central Africa,Bandundu,COMPLETE,627,29,Under Armour Girls' Toddler Spine Surge Runni,39.99000168,0,Standard Class,2016-11-06 23:24:00,2016-11-10 23:24:00,0
DEBIT,6,4,65.73000336,210.0,Late delivery,1,24,Women's Apparel,Perth Amboy,EE. UU.,10927,Consumer,NJ,8861.0,5,Golf,40.50980377,-74.26966858,Africa,Lagos,Nigeria,10927,43685,502,40.0,0.159999996,109111,50.0,0.310000002,5,250.0,210.0,65.73000336,West Africa,Lagos,COMPLETE,502,24,Nike Men's Dri-FIT Victory Golf Polo,50.0,0,Standard Class,2016-09-29 16:27:00,2016-10-05 16:27:00,2
DEBIT,4,4,70.13999939,207.5,Shipping on time,0,24,Women's Apparel,Miami,EE. UU.,3597,Consumer,FL,33162.0,5,Golf,25.93001556,-80.16291046,Africa,Foumban,Camerún,3597,41893,502,42.5,0.170000002,104569,50.0,0.340000004,5,250.0,207.5,70.13999939,Central Africa,Ouest,COMPLETE,502,24,Nike Men's Dri-FIT Victory Golf Polo,50.0,0,Standard Class,2016-09-03 12:38:00,2016-09-07 12:38:00,0
DEBIT,5,4,56.02999878,207.5,Late delivery,1,24,Women's Apparel,Loveland,EE. UU.,2052,Consumer,OH,45140.0,5,Golf,39.27056122,-84.27059174,Africa,Luanda,Angola,2052,46339,502,42.5,0.170000002,115856,50.0,0.270000011,5,250.0,207.5,56.02999878,Central Africa,Luanda,COMPLETE,502,24,Nike Men's Dri-FIT Victory Golf Polo,50.0,0,Standard Class,2016-11-07 10:15:00,2016-11-12 10:15:00,1
DEBIT,3,4,12.86999989,207.5,Advance shipping,0,24,Women's Apparel,Virginia Beach,EE. UU.,4399,Consumer,VA,23455.0,5,Golf,36.91083145,-76.12958527,Africa,Maiduguri,Nigeria,4399,46667,502,42.5,0.170000002,116672,50.0,0.059999999,5,250.0,207.5,12.86999989,West Africa,Borno,COMPLETE,502,24,Nike Men's Dri-FIT Victory Golf Polo,50.0,0,Standard Class,2016-11-12 05:10:00,2016-11-15 05:10:00,-1
DEBIT,3,4,64.16999817,205.0,Advance shipping,0,24,Women's Apparel,Louisville,EE. UU.,185,Consumer,KY,40214.0,5,Golf,38.15983963,-85.59026337,Africa,Nairobi,Kenia,185,47647,502,45.0,0.180000007,119125,50.0,0.310000002,5,250.0,205.0,64.16999817,East Africa,Nairobi,COMPLETE,502,24,Nike Men's Dri-FIT Victory Golf Polo,50.0,0,Standard Class,2016-11-26 12:30:00,2016-11-29 12:30:00,-1
DEBIT,6,4,100.4499969,205.0,Late delivery,1,24,Women's Apparel,Lockport,EE. UU.,3441,Consumer,NY,14094.0,5,Golf,43.16891098,-78.69216156,Africa,Kitwe,Zambia,3441,48565,502,45.0,0.180000007,121445,50.0,0.49000001,5,250.0,205.0,100.4499969,East Africa,Copperbelt,COMPLETE,502,24,Nike Men's Dri-FIT Victory Golf Polo,50.0,0,Standard Class,2016-12-09 22:07:00,2016-12-15 22:07:00,2
DEBIT,5,4,71.75,205.0,Late delivery,1,24,Women's Apparel,Chicago,EE. UU.,11947,Consumer,IL,60608.0,5,Golf,41.89491653,-87.76180267,Africa,Lagos,Nigeria,11947,43889,502,45.0,0.180000007,109614,50.0,0.349999994,5,250.0,205.0,71.75,West Africa,Lagos,COMPLETE,502,24,Nike Men's Dri-FIT Victory Golf Polo,50.0,0,Standard Class,2016-10-02 15:55:00,2016-10-07 15:55:00,1
DEBIT,4,4,72.59999847,200.0,Shipping on time,0,24,Women's Apparel,Staten Island,EE. UU.,1555,Consumer,NY,10314.0,5,Golf,40.58441544,-74.15991974,Africa,Nkongsamba,Camerún,1555,45138,502,50.0,0.200000003,112738,50.0,0.360000014,5,250.0,200.0,72.59999847,Central Africa,Littoral,COMPLETE,502,24,Nike Men's Dri-FIT Victory Golf Polo,50.0,0,Standard Class,2016-10-20 21:30:00,2016-10-24 21:30:00,0
DEBIT,6,4,67.48000336,149.9600067,Late delivery,1,29,Shop By Sport,Tucson,EE. UU.,9399,Consumer,AZ,85719.0,5,Golf,32.27982712,-110.9582291,Africa,Mbuji-mayi,República Democrática del Congo,9399,44160,627,49.99000168,0.25,110278,39.99000168,0.449999988,5,199.9499969,149.9600067,67.48000336,Central Africa,Kasai Oriental,COMPLETE,627,29,Under Armour Girls' Toddler Spine Surge Runni,39.99000168,0,Standard Class,2016-10-06 14:51:00,2016-10-12 14:51:00,2
DEBIT,5,4,21.19000053,187.5,Late delivery,1,24,Women's Apparel,Plymouth,EE. UU.,2792,Consumer,MA,2360.0,5,Golf,41.92736816,-70.7484436,Africa,Lome,Togo,2792,49214,502,62.5,0.25,123053,50.0,0.109999999,5,250.0,187.5,21.19000053,West Africa,Marítima,COMPLETE,502,24,Nike Men's Dri-FIT Victory Golf Polo,50.0,0,Standard Class,2016-12-19 09:30:00,2016-12-24 09:30:00,1
DEBIT,6,4,59.97999954,124.9499969,Late delivery,1,40,Accessories,Cleveland,EE. UU.,10118,Consumer,OH,44120.0,6,Outdoors,41.47653961,-81.72341919,Africa,Pretoria,SudAfrica,10118,41825,906,0.0,0.0,104410,24.98999977,0.479999989,5,124.9499969,124.9499969,59.97999954,Southern Africa,Gauteng,COMPLETE,906,40,Team Golf Tennessee Volunteers Putter Grip,24.98999977,0,Standard Class,2016-09-02 12:48:00,2016-09-08 12:48:00,2
DEBIT,5,4,35.61000061,118.6999969,Late delivery,1,40,Accessories,Bronx,EE. UU.,8544,Consumer,NY,10458.0,6,Outdoors,40.87030411,-73.87062073,Africa,Dakar,Senegal,8544,44504,885,6.25,0.050000001,111111,24.98999977,0.300000012,5,124.9499969,118.6999969,35.61000061,West Africa,Dakar,COMPLETE,885,40,Team Golf St. Louis Cardinals Putter Grip,24.98999977,0,Standard Class,2016-10-11 15:22:00,2016-10-16 15:22:00,1
DEBIT,2,4,39.90999985,118.0800018,Advance shipping,0,40,Accessories,Webster,EE. UU.,4296,Consumer,NY,14580.0,6,Outdoors,42.42012024,-79.31320953,Africa,Mahajanga,Madagascar,4296,44496,886,6.869999886,0.059999999,111088,24.98999977,0.340000004,5,124.9499969,118.0800018,39.90999985,East Africa,Boeny,COMPLETE,886,40,Team Golf San Francisco Giants Putter Grip,24.98999977,0,Standard Class,2016-10-11 12:34:00,2016-10-13 12:34:00,-2
DEBIT,5,4,23.27000046,74.34999847,Late delivery,1,41,Trade-In,Stockton,EE. UU.,4391,Consumer,CA,95207.0,6,Outdoors,37.92684937,-121.3893051,Africa,Lome,Togo,4391,45559,926,5.599999905,0.07,113854,15.98999977,0.310000002,5,79.94999695,74.34999847,23.27000046,West Africa,Marítima,COMPLETE,926,41,Glove It Imperial Golf Towel,15.98999977,0,Standard Class,2016-10-27 00:59:00,2016-11-01 00:59:00,1
DEBIT,5,4,30.88999939,67.16000366,Late delivery,1,41,Trade-In,Amarillo,EE. UU.,2882,Consumer,TX,79109.0,6,Outdoors,35.18754196,-101.8676224,Africa,Kano,Nigeria,2882,44074,924,12.78999996,0.159999996,110090,15.98999977,0.460000008,5,79.94999695,67.16000366,30.88999939,West Africa,Kano,COMPLETE,924,41,Glove It Urban Brick Golf Towel,15.98999977,0,Standard Class,2016-10-05 08:44:00,2016-10-10 08:44:00,1
DEBIT,3,4,11.40999985,131.1600037,Advance shipping,0,37,Electronics,Martinsburg,EE. UU.,3283,Consumer,WV,25401.0,6,Outdoors,39.45571137,-77.96917725,Africa,Annaba,Argelia,3283,49857,825,28.79000092,0.180000007,124661,31.98999977,0.090000004,5,159.9499969,131.1600037,11.40999985,North Africa,Annaba,COMPLETE,825,37,Bridgestone e6 Straight Distance NFL Tennesse,31.98999977,0,Standard Class,2016-12-28 18:46:00,2016-12-31 18:46:00,-1
DEBIT,2,4,53.97999954,119.9599991,Advance shipping,0,44,Hunting & Shooting,Cumberland,EE. UU.,397,Consumer,MD,21502.0,7,Fan Shop,39.6300354,-78.74319458,Africa,Casablanca,Marruecos,397,41786,977,29.98999977,0.200000003,104311,29.98999977,0.449999988,5,149.9499969,119.9599991,53.97999954,North Africa,Gran Casablanca,COMPLETE,977,44,ENO Atlas Hammock Straps,29.98999977,0,Standard Class,2016-09-01 23:08:00,2016-09-03 23:08:00,-2
DEBIT,3,4,82.15000153,186.7100067,Advance shipping,0,6,Tennis & Racquet,Pekin,EE. UU.,4104,Consumer,IL,61554.0,2,Fitness,40.56959915,-89.64508057,Africa,Cotonou,Benín,4104,48042,116,38.24000168,0.170000002,120131,44.99000168,0.439999998,5,224.9499969,186.7100067,82.15000153,West Africa,Littoral,ON_HOLD,116,6,Nike Men's Comfort 2 Slide,44.99000168,0,Standard Class,2016-12-02 06:54:00,2016-12-05 06:54:00,-1
DEBIT,2,4,66.48999786,474.9500122,Advance shipping,0,9,Cardio Equipment,Tallahassee,EE. UU.,12214,Consumer,FL,32308.0,3,Footwear,30.49767876,-84.23183441,Africa,Jartum,Sudán,12214,44301,191,25.0,0.050000001,110620,99.98999786,0.140000001,5,499.9500122,474.9500122,66.48999786,North Africa,Jartum,ON_HOLD,191,9,Nike Men's Free 5.0+ Running Shoe,99.98999786,0,Standard Class,2016-10-08 16:15:00,2016-10-10 16:15:00,-2
DEBIT,2,4,80.98999786,299.9500122,Advance shipping,0,17,Cleats,Jacksonville,EE. UU.,10699,Consumer,FL,32225.0,4,Apparel,30.35342217,-81.51309204,Africa,Dar es Salaam,Tanzania,10699,41591,365,0.0,0.0,103815,59.99000168,0.270000011,5,299.9500122,299.9500122,80.98999786,East Africa,Dar es Salaam,ON_HOLD,365,17,Perfect Fitness Perfect Rip Deck,59.99000168,0,Standard Class,2016-08-30 02:49:00,2016-09-01 02:49:00,-2
DEBIT,2,4,54.77000046,165.9600067,Advance shipping,0,29,Shop By Sport,Woonsocket,EE. UU.,2091,Consumer,RI,2895.0,5,Golf,42.00220108,-71.51410675,Africa,Cairo,Egipto,2091,44981,627,33.99000168,0.170000002,112334,39.99000168,0.330000013,5,199.9499969,165.9600067,54.77000046,North Africa,El Cairo,ON_HOLD,627,29,Under Armour Girls' Toddler Spine Surge Runni,39.99000168,0,Standard Class,2016-10-18 14:29:00,2016-10-20 14:29:00,-2
DEBIT,6,4,-265.0,200.0,Late delivery,1,24,Women's Apparel,Stockton,EE. UU.,10474,Consumer,CA,95206.0,5,Golf,38.1355629,-121.2693405,Africa,Cape Town,SudAfrica,10474,41545,502,50.0,0.200000003,103704,50.0,-1.330000043,5,250.0,200.0,-265.0,Southern Africa,Cabo Occidental,ON_HOLD,502,24,Nike Men's Dri-FIT Victory Golf Polo,50.0,0,Standard Class,2016-08-29 10:42:00,2016-09-04 10:42:00,2
DEBIT,6,4,51.15999985,196.7599945,Late delivery,1,37,Electronics,Lithonia,EE. UU.,7504,Consumer,GA,30058.0,6,Outdoors,33.71007919,-84.11247253,Africa,Cape Town,SudAfrica,7504,49910,818,43.18999863,0.180000007,124779,47.99000168,0.25999999,5,239.9499969,196.7599945,51.15999985,Southern Africa,Cabo Occidental,ON_HOLD,818,37,Titleist Pro V1x Golf Balls,47.99000168,0,Standard Class,2016-12-29 13:20:00,2017-01-04 13:20:00,2
DEBIT,6,4,85.48999786,284.9500122,Late delivery,1,3,Baseball & Softball,Oak Lawn,EE. UU.,7518,Consumer,IL,60453.0,2,Fitness,41.7158165,-87.7405777,Europe,Montpellier,Francia,7518,19590,44,15.0,0.050000001,48976,59.99000168,0.300000012,5,299.9500122,284.9500122,85.48999786,Western Europe,Languedoc-Rosellón-Mediodía-Pirineos,COMPLETE,44,3,adidas Men's F10 Messi TRX FG Soccer Cleat,59.99000168,0,Standard Class,2015-10-13 22:53:00,2015-10-19 22:53:00,2
DEBIT,6,4,59.13000107,174.9499969,Late delivery,1,11,Fitness Accessories,Detroit,EE. UU.,1738,Consumer,MI,48213.0,3,Footwear,42.39391327,-83.00836945,Europe,Khmelnytskyi,Ucrania,1738,43650,235,0.0,0.0,109018,34.99000168,0.340000004,5,174.9499969,174.9499969,59.13000107,Eastern Europe,Khmelnytskyi,COMPLETE,235,11,Under Armour Hustle Storm Medium Duffle Bag,34.99000168,0,Standard Class,2016-09-29 04:11:00,2016-10-05 04:11:00,2
DEBIT,3,4,84.13999939,494.9500122,Advance shipping,0,9,Cardio Equipment,Alhambra,EE. UU.,1622,Consumer,CA,91801.0,3,Footwear,34.10591126,-118.1196442,Europe,Vannes,Francia,1622,15202,191,5.0,0.01,38024,99.98999786,0.170000002,5,499.9500122,494.9500122,84.13999939,Western Europe,Bretaña,COMPLETE,191,9,Nike Men's Free 5.0+ Running Shoe,99.98999786,0,Standard Class,2015-08-10 21:35:00,2015-08-13 21:35:00,-1
DEBIT,3,4,65.83000183,137.1499939,Advance shipping,0,13,Electronics,New Haven,EE. UU.,1325,Consumer,CT,6511.0,3,Footwear,42.34568787,-83.52059174,Europe,Fuenlabrada,España,1325,15462,273,2.799999952,0.02,38639,27.98999977,0.479999989,5,139.9499969,137.1499939,65.83000183,Southern Europe,Madrid,COMPLETE,273,13,Under Armour Kids' Mercenary Slide,27.98999977,0,Standard Class,2015-08-14 16:40:00,2015-08-17 16:40:00,-1
DEBIT,6,4,43.11999893,489.9500122,Late delivery,1,9,Cardio Equipment,North Tonawanda,EE. UU.,5505,Consumer,NY,14120.0,3,Footwear,43.02910233,-78.87342072,Europe,Villemomble,Francia,5505,15155,191,10.0,0.02,37908,99.98999786,0.090000004,5,499.9500122,489.9500122,43.11999893,Western Europe,Isla de Francia,COMPLETE,191,9,Nike Men's Free 5.0+ Running Shoe,99.98999786,0,Standard Class,2015-08-10 05:07:00,2015-08-16 05:07:00,2
DEBIT,2,4,242.4799957,484.9500122,Advance shipping,0,9,Cardio Equipment,Phoenix,EE. UU.,4210,Consumer,AZ,85029.0,3,Footwear,33.58987427,-112.1163712,Europe,Montpellier,Francia,4210,64451,191,15.0,0.029999999,161109,99.98999786,0.5,5,499.9500122,484.9500122,242.4799957,Western Europe,Languedoc-Rosellón-Mediodía-Pirineos,COMPLETE,191,9,Nike Men's Free 5.0+ Running Shoe,99.98999786,0,Standard Class,2017-07-29 19:42:00,2017-07-31 19:42:00,-2
DEBIT,4,4,-115.4199982,484.9500122,Shipping on time,0,9,Cardio Equipment,Kenner,EE. UU.,11229,Consumer,LA,70065.0,3,Footwear,30.0380249,-90.25691986,Europe,Gien,Francia,11229,67028,191,15.0,0.029999999,167556,99.98999786,-0.239999995,5,499.9500122,484.9500122,-115.4199982,Western Europe,Centro-Valle de Loira,COMPLETE,191,9,Nike Men's Free 5.0+ Running Shoe,99.98999786,0,Standard Class,2017-09-05 10:32:00,2017-09-09 10:32:00,0
DEBIT,2,4,109.1100006,484.9500122,Advance shipping,0,9,Cardio Equipment,Washington,EE. UU.,9385,Consumer,PA,15301.0,3,Footwear,40.33852005,-80.1289444,Europe,Neuilly-sur-Seine,Francia,9385,62336,191,15.0,0.029999999,155832,99.98999786,0.230000004,5,499.9500122,484.9500122,109.1100006,Western Europe,Isla de Francia,COMPLETE,191,9,Nike Men's Free 5.0+ Running Shoe,99.98999786,0,Standard Class,2017-06-28 22:43:00,2017-06-30 22:43:00,-2
DEBIT,5,4,52.43999863,155.1499939,Late delivery,1,13,Electronics,Holland,EE. UU.,900,Consumer,MI,49423.0,3,Footwear,29.50280953,-98.5945282,Europe,Viersen,Alemania,900,11334,282,4.800000191,0.029999999,28340,31.98999977,0.340000004,5,159.9499969,155.1499939,52.43999863,Western Europe,Renania del Norte-Westfalia,COMPLETE,282,13,Under Armour Women's Ignite PIP VI Slide,31.98999977,0,Standard Class,2015-06-15 10:27:00,2015-06-20 10:27:00,1
DEBIT,6,4,9.600000381,479.9500122,Late delivery,1,9,Cardio Equipment,Morrisville,EE. UU.,6217,Consumer,PA,19067.0,3,Footwear,40.20738983,-74.79347992,Europe,Verona,Italia,6217,62885,191,20.0,0.039999999,157243,99.98999786,0.02,5,499.9500122,479.9500122,9.600000381,Southern Europe,Véneto,COMPLETE,191,9,Nike Men's Free 5.0+ Running Shoe,99.98999786,0,Standard Class,2017-07-06 23:03:00,2017-07-12 23:03:00,2
DEBIT,4,4,230.3800049,479.9500122,Shipping on time,0,9,Cardio Equipment,Memphis,EE. UU.,9466,Consumer,TN,38128.0,3,Footwear,35.21362686,-89.82608032,Europe,Fano,Italia,9466,66998,191,20.0,0.039999999,167475,99.98999786,0.479999989,5,499.9500122,479.9500122,230.3800049,Southern Europe,Marche,COMPLETE,191,9,Nike Men's Free 5.0+ Running Shoe,99.98999786,0,Standard Class,2017-09-05 00:02:00,2017-09-09 00:02:00,0
DEBIT,3,4,41.79999924,474.9500122,Advance shipping,0,9,Cardio Equipment,Federal Way,EE. UU.,4596,Consumer,WA,98023.0,3,Footwear,47.30304337,-122.3528137,Europe,Gdynia,Polonia,4596,47002,191,25.0,0.050000001,117458,99.98999786,0.090000004,5,499.9500122,474.9500122,41.79999924,Eastern Europe,Pomerania,COMPLETE,191,9,Nike Men's Free 5.0+ Running Shoe,99.98999786,0,Standard Class,2016-11-17 02:32:00,2016-11-20 02:32:00,-1
DEBIT,6,4,47.5,474.9500122,Late delivery,1,9,Cardio Equipment,San Diego,EE. UU.,5206,Consumer,CA,92113.0,3,Footwear,32.69542313,-117.0990067,Europe,Talavera de la Reina,España,5206,63445,191,25.0,0.050000001,158605,99.98999786,0.100000001,5,499.9500122,474.9500122,47.5,Southern Europe,Castilla-La Mancha,COMPLETE,191,9,Nike Men's Free 5.0+ Running Shoe,99.98999786,0,Standard Class,2017-07-15 03:15:00,2017-07-21 03:15:00,2
DEBIT,2,4,218.4799957,474.9500122,Advance shipping,0,9,Cardio Equipment,Chicago,EE. UU.,2823,Consumer,IL,60626.0,3,Footwear,42.0063591,-87.66739655,Europe,Montreuil,Francia,2823,67566,191,25.0,0.050000001,168920,99.98999786,0.460000008,5,499.9500122,474.9500122,218.4799957,Western Europe,Isla de Francia,COMPLETE,191,9,Nike Men's Free 5.0+ Running Shoe,99.98999786,0,Standard Class,2017-09-13 07:01:00,2017-09-15 07:01:00,-2
DEBIT,5,4,-9.81000042,166.1999969,Late delivery,1,11,Fitness Accessories,Los Angeles,EE. UU.,10408,Consumer,CA,90027.0,3,Footwear,34.12594605,-118.2910156,Europe,Marseille,Francia,10408,18884,235,8.75,0.050000001,47235,34.99000168,-0.059999999,5,174.9499969,166.1999969,-9.81000042,Western Europe,Provenza-Alpes-Costa Azul,COMPLETE,235,11,Under Armour Hustle Storm Medium Duffle Bag,34.99000168,0,Standard Class,2015-10-03 15:33:00,2015-10-08 15:33:00,1
DEBIT,6,4,82.66000366,165.3300018,Late delivery,1,11,Fitness Accessories,Bronx,EE. UU.,11011,Consumer,NY,10457.0,3,Footwear,40.87142944,-73.87063599,Europe,Lisbon,Portugal,11011,18845,235,9.619999886,0.059999999,47141,34.99000168,0.5,5,174.9499969,165.3300018,82.66000366,Southern Europe,Lisboa,COMPLETE,235,11,Under Armour Hustle Storm Medium Duffle Bag,34.99000168,0,Standard Class,2015-10-03 01:53:00,2015-10-09 01:53:00,2
DEBIT,5,4,174.3600006,464.9500122,Late delivery,1,16,As Seen on  TV!,Long Beach,EE. UU.,40,Consumer,CA,90805.0,3,Footwear,33.56687927,-117.7633209,Europe,Wolverhampton,Reino Unido,40,66854,359,35.0,0.07,167108,99.98999786,0.379999995,5,499.9500122,464.9500122,174.3600006,Northern Europe,Inglaterra,COMPLETE,359,16,Nike Men's Free TR 5.0 TB Training Shoe,99.98999786,0,Standard Class,2017-09-02 21:35:00,2017-09-07 21:35:00,1
DEBIT,6,4,159.2299957,454.9500122,Late delivery,1,9,Cardio Equipment,Chicago,EE. UU.,11636,Consumer,IL,60637.0,3,Footwear,41.88238525,-88.20149994,Europe,Satu Mare,Rumania,11636,46955,191,45.0,0.090000004,117346,99.98999786,0.349999994,5,499.9500122,454.9500122,159.2299957,Eastern Europe,Satu Mare,COMPLETE,191,9,Nike Men's Free 5.0+ Running Shoe,99.98999786,0,Standard Class,2016-11-16 10:04:00,2016-11-22 10:04:00,2
TRANSFER,3,4,49.97000122,101.9800034,Advance shipping,0,17,Cleats,West Covina,EE. UU.,7454,Corporate,CA,91790.0,4,Apparel,34.06787491,-117.9273758,LATAM,Guadalajara,México,7454,55002,365,18.0,0.150000006,137558,59.99000168,0.49000001,2,119.9800034,101.9800034,49.97000122,Central America,Jalisco,PROCESSING,365,17,Perfect Fitness Perfect Rip Deck,59.99000168,0,Standard Class,2017-03-13 21:18:00,2017-03-16 21:18:00,-1
TRANSFER,6,4,46.90999985,101.9800034,Late delivery,1,17,Cleats,Ventura,EE. UU.,5138,Corporate,CA,93003.0,4,Apparel,34.24124908,-119.1945419,LATAM,Cúcuta,Colombia,5138,60445,365,18.0,0.150000006,151253,59.99000168,0.460000008,2,119.9800034,101.9800034,46.90999985,South America,Norte de Santander,PROCESSING,365,17,Perfect Fitness Perfect Rip Deck,59.99000168,0,Standard Class,2017-06-01 08:13:00,2017-06-07 08:13:00,2
TRANSFER,2,4,32.36000061,99.58000183,Advance shipping,0,17,Cleats,Washington,EE. UU.,8696,Corporate,DC,20009.0,4,Apparel,38.91826248,-77.03946686,LATAM,Zacatecas,México,8696,53586,365,20.39999962,0.170000002,133933,59.99000168,0.330000013,2,119.9800034,99.58000183,32.36000061,Central America,Zacatecas,PROCESSING,365,17,Perfect Fitness Perfect Rip Deck,59.99000168,0,Standard Class,2017-02-21 05:12:00,2017-02-23 05:12:00,-2
TRANSFER,4,4,36.84999847,99.58000183,Shipping on time,0,17,Cleats,Valrico,EE. UU.,2329,Corporate,FL,33594.0,4,Apparel,27.96565437,-82.25280762,LATAM,Chihuahua,México,2329,56618,365,20.39999962,0.170000002,141623,59.99000168,0.370000005,2,119.9800034,99.58000183,36.84999847,Central America,Chihuahua,PROCESSING,365,17,Perfect Fitness Perfect Rip Deck,59.99000168,0,Standard Class,2017-04-06 11:27:00,2017-04-10 11:27:00,0
TRANSFER,6,4,49.79000092,99.58000183,Late delivery,1,17,Cleats,Kaneohe,EE. UU.,12431,Corporate,HI,96744.0,4,Apparel,21.41555023,-157.803894,LATAM,Brasília,Brasil,12431,51865,365,20.39999962,0.170000002,129598,59.99000168,0.5,2,119.9800034,99.58000183,49.79000092,South America,Distrito Federal,PROCESSING,365,17,Perfect Fitness Perfect Rip Deck,59.99000168,0,Standard Class,2017-01-27 02:16:00,2017-02-02 02:16:00,2
TRANSFER,3,4,35.0,100.0,Advance shipping,0,24,Women's Apparel,Ventura,EE. UU.,10860,Corporate,CA,93003.0,5,Golf,34.26494217,-119.218605,LATAM,Santarém,Brasil,10860,2937,502,0.0,0.0,7333,50.0,0.349999994,2,100.0,100.0,35.0,South America,Pará,PROCESSING,502,24,Nike Men's Dri-FIT Victory Golf Polo,50.0,0,Standard Class,2015-02-12 20:36:00,2015-02-15 20:36:00,-1
TRANSFER,2,4,43.0,100.0,Advance shipping,0,24,Women's Apparel,Brooklyn,EE. UU.,12094,Corporate,NY,11218.0,5,Golf,40.64059448,-73.97518921,LATAM,Joinville,Brasil,12094,54446,502,0.0,0.0,136156,50.0,0.430000007,2,100.0,100.0,43.0,South America,Santa Catarina,PROCESSING,502,24,Nike Men's Dri-FIT Victory Golf Polo,50.0,0,Standard Class,2017-03-05 18:30:00,2017-03-07 18:30:00,-2
TRANSFER,4,4,0.0,99.0,Shipping on time,0,24,Women's Apparel,Oceanside,EE. UU.,5088,Corporate,CA,92057.0,5,Golf,33.22548676,-117.3070679,LATAM,Monterrey,México,5088,58623,502,1.0,0.01,146742,50.0,0.0,2,100.0,99.0,0.0,Central America,Nuevo León,PROCESSING,502,24,Nike Men's Dri-FIT Victory Golf Polo,50.0,0,Standard Class,2017-05-05 17:53:00,2017-05-09 17:53:00,0
TRANSFER,2,4,21.77000046,79.18000031,Advance shipping,0,29,Shop By Sport,Fort Worth,EE. UU.,2200,Corporate,TX,76116.0,5,Golf,32.73230743,-97.47290802,LATAM,Pitalito,Colombia,2200,7411,627,0.800000012,0.01,18572,39.99000168,0.280000001,2,79.98000336,79.18000031,21.77000046,South America,Huila,PROCESSING,627,29,Under Armour Girls' Toddler Spine Surge Runni,39.99000168,0,Standard Class,2015-04-19 04:03:00,2015-04-21 04:03:00,-2
TRANSFER,4,4,10.96000004,97.0,Shipping on time,0,24,Women's Apparel,Plymouth,EE. UU.,10966,Corporate,MA,2360.0,5,Golf,41.95851135,-70.66861725,LATAM,Puebla,México,10966,5348,502,3.0,0.029999999,13366,50.0,0.109999999,2,100.0,97.0,10.96000004,Central America,Puebla,PROCESSING,502,24,Nike Men's Dri-FIT Victory Golf Polo,50.0,0,Standard Class,2015-03-20 01:17:00,2015-03-24 01:17:00,0
TRANSFER,3,4,41.27999878,96.0,Advance shipping,0,24,Women's Apparel,Brooklyn,EE. UU.,3997,Corporate,NY,11218.0,5,Golf,40.64059448,-73.97518921,LATAM,Santo Domingo,República Dominicana,3997,59742,502,4.0,0.039999999,149496,50.0,0.430000007,2,100.0,96.0,41.27999878,Caribbean,Santo Domingo,PROCESSING,502,24,Nike Men's Dri-FIT Victory Golf Polo,50.0,0,Standard Class,2017-05-22 01:56:00,2017-05-25 01:56:00,-1
TRANSFER,4,4,26.87000084,76.77999878,Shipping on time,0,29,Shop By Sport,Cleveland,EE. UU.,8746,Corporate,OH,44120.0,5,Golf,41.48426819,-81.5922699,LATAM,Querétaro,México,8746,59498,627,3.200000048,0.039999999,148919,39.99000168,0.349999994,2,79.98000336,76.77999878,26.87000084,Central America,Querétaro,PROCESSING,627,29,Under Armour Girls' Toddler Spine Surge Runni,39.99000168,0,Standard Class,2017-05-18 12:26:00,2017-05-22 12:26:00,0
TRANSFER,5,4,34.18999863,75.98000336,Late delivery,1,29,Shop By Sport,Philadelphia,EE. UU.,3687,Corporate,PA,19145.0,5,Golf,39.92448425,-75.1757431,LATAM,Chaguanas,Trinidad y Tobago,3687,3459,627,4.0,0.050000001,8590,39.99000168,0.449999988,2,79.98000336,75.98000336,34.18999863,Caribbean,Chaguanas,PROCESSING,627,29,Under Armour Girls' Toddler Spine Surge Runni,39.99000168,0,Standard Class,2015-02-20 11:29:00,2015-02-25 11:29:00,1
TRANSFER,6,4,35.70999908,75.98000336,Late delivery,1,29,Shop By Sport,Lodi,EE. UU.,9162,Corporate,CA,95240.0,5,Golf,38.11602402,-121.3637238,LATAM,Chimaltenango,Guatemala,9162,8470,627,4.0,0.050000001,21144,39.99000168,0.469999999,2,79.98000336,75.98000336,35.70999908,Central America,Chimaltenango,PROCESSING,627,29,Under Armour Girls' Toddler Spine Surge Runni,39.99000168,0,Standard Class,2015-05-04 15:04:00,2015-05-10 15:04:00,2
TRANSFER,6,4,11.88000011,95.0,Late delivery,1,24,Women's Apparel,Bakersfield,EE. UU.,8993,Corporate,CA,93308.0,5,Golf,35.40139771,-119.0448837,LATAM,Belo Horizonte,Brasil,8993,53455,502,5.0,0.050000001,133575,50.0,0.129999995,2,100.0,95.0,11.88000011,South America,Minas Gerais,PROCESSING,502,24,Nike Men's Dri-FIT Victory Golf Polo,50.0,0,Standard Class,2017-02-19 07:19:00,2017-02-25 07:19:00,2
TRANSFER,5,4,18.52000046,132.3000031,Late delivery,1,26,Girls' Apparel,Philadelphia,EE. UU.,5875,Corporate,PA,19143.0,5,Golf,39.94662857,-75.21822357,LATAM,Tlaquepaque,México,5875,2014,565,7.699999809,0.059999999,5047,70.0,0.140000001,2,140.0,132.3000031,18.52000046,Central America,Jalisco,PROCESSING,565,26,adidas Youth Germany Black/Red Away Match Soc,70.0,0,Standard Class,2015-01-30 09:14:00,2015-02-04 09:14:00,1
TRANSFER,5,4,17.44000053,46.5,Late delivery,1,26,Girls' Apparel,Long Beach,EE. UU.,2502,Corporate,CA,90813.0,5,Golf,33.78245163,-118.1922455,LATAM,San Miguelito,Panamá,2502,55899,567,3.5,0.07,139774,25.0,0.379999995,2,50.0,46.5,17.44000053,Central America,Panamá,PROCESSING,567,26,adidas Men's Germany Black Crest Away Tee,25.0,0,Standard Class,2017-03-26 23:33:00,2017-03-31 23:33:00,1
TRANSFER,3,4,30.22999954,93.0,Advance shipping,0,24,Women's Apparel,San Jose,EE. UU.,9563,Corporate,CA,95122.0,5,Golf,37.3288765,-121.8501511,LATAM,Hermosillo,México,9563,52582,502,7.0,0.07,131429,50.0,0.330000013,2,100.0,93.0,30.22999954,Central America,Sonora,PROCESSING,502,24,Nike Men's Dri-FIT Victory Golf Polo,50.0,0,Standard Class,2017-02-06 13:27:00,2017-02-09 13:27:00,-1
TRANSFER,3,4,-162.75,93.0,Advance shipping,0,24,Women's Apparel,Murfreesboro,EE. UU.,7259,Corporate,TN,37130.0,5,Golf,35.75965881,-86.26461029,LATAM,Coacalco,México,7259,56222,502,7.0,0.07,140631,50.0,-1.75,2,100.0,93.0,-162.75,Central America,México,PROCESSING,502,24,Nike Men's Dri-FIT Victory Golf Polo,50.0,0,Standard Class,2017-03-31 16:43:00,2017-04-03 16:43:00,-1
TRANSFER,5,4,24.60000038,72.77999878,Late delivery,1,29,Shop By Sport,Carlsbad,EE. UU.,3131,Corporate,CA,92009.0,5,Golf,33.0895195,-117.2552032,LATAM,Balneário Camboriú,Brasil,3131,57829,627,7.199999809,0.090000004,144695,39.99000168,0.340000004,2,79.98000336,72.77999878,24.60000038,South America,Santa Catarina,PROCESSING,627,29,Under Armour Girls' Toddler Spine Surge Runni,39.99000168,0,Standard Class,2017-04-24 03:43:00,2017-04-29 03:43:00,1
TRANSFER,3,4,35.99000168,71.98000336,Advance shipping,0,29,Shop By Sport,Hamilton,EE. UU.,4140,Corporate,OH,45011.0,5,Golf,39.3985405,-84.55661774,LATAM,Tegucigalpa,Honduras,4140,56217,627,8.0,0.100000001,140615,39.99000168,0.5,2,79.98000336,71.98000336,35.99000168,Central America,Francisco Morazán,PROCESSING,627,29,Under Armour Girls' Toddler Spine Surge Runni,39.99000168,0,Standard Class,2017-03-31 14:58:00,2017-04-03 14:58:00,-1
TRANSFER,4,4,17.12999916,71.98000336,Shipping on time,0,29,Shop By Sport,Houston,EE. UU.,4539,Corporate,TX,77083.0,5,Golf,29.69653702,-95.6459198,LATAM,Petapa,Guatemala,4539,5893,627,8.0,0.100000001,14655,39.99000168,0.239999995,2,79.98000336,71.98000336,17.12999916,Central America,Guatemala,PROCESSING,627,29,Under Armour Girls' Toddler Spine Surge Runni,39.99000168,0,Standard Class,2015-03-28 00:13:00,2015-04-01 00:13:00,0
TRANSFER,4,4,41.40000153,90.0,Shipping on time,0,24,Women's Apparel,New York,EE. UU.,6071,Corporate,NY,10031.0,5,Golf,40.82476044,-73.94992065,LATAM,La Ceiba,Honduras,6071,5528,502,10.0,0.100000001,13796,50.0,0.460000008,2,100.0,90.0,41.40000153,Central America,Atlántida,PROCESSING,502,24,Nike Men's Dri-FIT Victory Golf Polo,50.0,0,Standard Class,2015-03-22 16:21:00,2015-03-26 16:21:00,0
TRANSFER,3,4,23.38999939,71.98000336,Advance shipping,0,29,Shop By Sport,Hayward,EE. UU.,8730,Corporate,CA,94541.0,5,Golf,37.67551041,-122.0496826,LATAM,Maturín,Venezuela,8730,367,627,8.0,0.100000001,922,39.99000168,0.330000013,2,79.98000336,71.98000336,23.38999939,South America,Monagas,PROCESSING,627,29,Under Armour Girls' Toddler Spine Surge Runni,39.99000168,0,Standard Class,2015-01-06 08:13:00,2015-01-09 08:13:00,-1
TRANSFER,4,4,21.42000008,90.0,Shipping on time,0,24,Women's Apparel,Bridgeton,EE. UU.,9634,Corporate,NJ,8302.0,5,Golf,39.42603684,-75.23985291,LATAM,Parintins,Brasil,9634,52353,502,10.0,0.100000001,130831,50.0,0.239999995,2,100.0,90.0,21.42000008,South America,Amazonas,PROCESSING,502,24,Nike Men's Dri-FIT Victory Golf Polo,50.0,0,Standard Class,2017-02-03 05:14:00,2017-02-07 05:14:00,0
TRANSFER,5,4,28.17000008,90.0,Late delivery,1,24,Women's Apparel,Martinsburg,EE. UU.,8010,Corporate,WV,25401.0,5,Golf,39.45571137,-77.96917725,LATAM,São Paulo,Brasil,8010,1784,502,10.0,0.100000001,4452,50.0,0.310000002,2,100.0,90.0,28.17000008,South America,São Paulo,PROCESSING,502,24,Nike Men's Dri-FIT Victory Golf Polo,50.0,0,Standard Class,2015-01-27 00:39:00,2015-02-01 00:39:00,1
TRANSFER,3,4,-11.47000027,70.37999725,Advance shipping,0,29,Shop By Sport,Bay Shore,EE. UU.,3484,Corporate,NY,11706.0,5,Golf,40.74032211,-73.30113983,LATAM,Santiago de Cuba,Cuba,3484,60317,627,9.600000381,0.119999997,150929,39.99000168,-0.159999996,2,79.98000336,70.37999725,-11.47000027,Caribbean,Santiago de Cuba,PROCESSING,627,29,Under Armour Girls' Toddler Spine Surge Runni,39.99000168,0,Standard Class,2017-05-30 11:22:00,2017-06-02 11:22:00,-1
TRANSFER,2,4,29.04000092,88.0,Advance shipping,0,24,Women's Apparel,Palatine,EE. UU.,7307,Corporate,IL,60067.0,5,Golf,42.11048508,-88.08236694,LATAM,Puebla,México,7307,6776,502,12.0,0.119999997,16941,50.0,0.330000013,2,100.0,88.0,29.04000092,Central America,Puebla,PROCESSING,502,24,Nike Men's Dri-FIT Victory Golf Polo,50.0,0,Standard Class,2015-04-09 21:35:00,2015-04-11 21:35:00,-2
TRANSFER,3,4,23.48999977,87.0,Advance shipping,0,24,Women's Apparel,Smyrna,EE. UU.,1975,Corporate,GA,30080.0,5,Golf,33.08282852,-82.9998703,LATAM,Mixco,Guatemala,1975,4487,502,13.0,0.129999995,11226,50.0,0.270000011,2,100.0,87.0,23.48999977,Central America,Guatemala,PROCESSING,502,24,Nike Men's Dri-FIT Victory Golf Polo,50.0,0,Standard Class,2015-03-07 11:38:00,2015-03-10 11:38:00,-1
TRANSFER,2,4,19.12999916,85.0,Advance shipping,0,24,Women's Apparel,Van Nuys,EE. UU.,629,Corporate,CA,91406.0,5,Golf,34.1971817,-118.4865265,LATAM,Huehuetenango,Guatemala,629,9681,502,15.0,0.150000006,24177,50.0,0.230000004,2,100.0,85.0,19.12999916,Central America,Huehuetenango,PROCESSING,502,24,Nike Men's Dri-FIT Victory Golf Polo,50.0,0,Standard Class,2015-05-22 07:20:00,2015-05-24 07:20:00,-2
TRANSFER,4,4,5.96999979,66.37999725,Shipping on time,0,29,Shop By Sport,Opa Locka,EE. UU.,11753,Corporate,FL,33055.0,5,Golf,25.94878006,-80.28707886,LATAM,Chinautla,Guatemala,11753,60868,627,13.60000038,0.170000002,152307,39.99000168,0.090000004,2,79.98000336,66.37999725,5.96999979,Central America,Guatemala,PROCESSING,627,29,Under Armour Girls' Toddler Spine Surge Runni,39.99000168,0,Standard Class,2017-06-07 12:25:00,2017-06-11 12:25:00,0
TRANSFER,2,4,7.210000038,65.58000183,Advance shipping,0,26,Girls' Apparel,Los Angeles,EE. UU.,5375,Corporate,CA,90046.0,5,Golf,34.09960938,-118.3507385,LATAM,Apopa,El Salvador,5375,53231,572,14.39999962,0.180000007,133008,39.99000168,0.109999999,2,79.98000336,65.58000183,7.210000038,Central America,San Salvador,PROCESSING,572,26,TYR Boys' Team Digi Jammer,39.99000168,0,Standard Class,2017-02-16 00:50:00,2017-02-18 00:50:00,-2
TRANSFER,2,4,21.63999939,65.58000183,Advance shipping,0,29,Shop By Sport,Saint Paul,EE. UU.,1695,Corporate,MN,55106.0,5,Golf,44.95698166,-93.06536865,LATAM,Sorocaba,Brasil,1695,52601,627,14.39999962,0.180000007,131482,39.99000168,0.330000013,2,79.98000336,65.58000183,21.63999939,South America,São Paulo,PROCESSING,627,29,Under Armour Girls' Toddler Spine Surge Runni,39.99000168,0,Standard Class,2017-02-06 20:07:00,2017-02-08 20:07:00,-2
TRANSFER,6,4,-9.050000191,65.58000183,Late delivery,1,29,Shop By Sport,Edison,EE. UU.,9884,Corporate,NJ,8817.0,5,Golf,40.52578354,-74.39421845,LATAM,San Justo,Argentina,9884,4660,627,14.39999962,0.180000007,11689,39.99000168,-0.140000001,2,79.98000336,65.58000183,-9.050000191,South America,Santa Fe,PROCESSING,627,29,Under Armour Girls' Toddler Spine Surge Runni,39.99000168,0,Standard Class,2015-03-10 00:15:00,2015-03-16 00:15:00,2
TRANSFER,5,4,7.21999979,82.0,Late delivery,1,24,Women's Apparel,Baytown,EE. UU.,8498,Corporate,TX,77520.0,5,Golf,29.73701477,-94.96875763,LATAM,Colombo,Brasil,8498,3539,502,18.0,0.180000007,8807,50.0,0.090000004,2,100.0,82.0,7.21999979,South America,Paraná,PROCESSING,502,24,Nike Men's Dri-FIT Victory Golf Polo,50.0,0,Standard Class,2015-02-21 15:31:00,2015-02-26 15:31:00,1
TRANSFER,2,4,37.59999847,80.0,Advance shipping,0,24,Women's Apparel,Los Angeles,EE. UU.,5375,Corporate,CA,90046.0,5,Golf,34.09960938,-118.3507385,LATAM,Apopa,El Salvador,5375,53231,502,20.0,0.200000003,133012,50.0,0.469999999,2,100.0,80.0,37.59999847,Central America,San Salvador,PROCESSING,502,24,Nike Men's Dri-FIT Victory Golf Polo,50.0,0,Standard Class,2017-02-16 00:50:00,2017-02-18 00:50:00,-2
TRANSFER,4,4,36.79999924,80.0,Shipping on time,0,24,Women's Apparel,Sylmar,EE. UU.,7534,Corporate,CA,91342.0,5,Golf,34.31019974,-118.4530792,LATAM,Itu,Brasil,7534,54488,502,20.0,0.200000003,136276,50.0,0.460000008,2,100.0,80.0,36.79999924,South America,São Paulo,PROCESSING,502,24,Nike Men's Dri-FIT Victory Golf Polo,50.0,0,Standard Class,2017-03-06 09:13:00,2017-03-10 09:13:00,0
TRANSFER,2,4,16.20000076,59.99000168,Advance shipping,0,29,Shop By Sport,Palatine,EE. UU.,7307,Corporate,IL,60067.0,5,Golf,42.11048508,-88.08236694,LATAM,Puebla,México,7307,6776,627,20.0,0.25,16942,39.99000168,0.270000011,2,79.98000336,59.99000168,16.20000076,Central America,Puebla,PROCESSING,627,29,Under Armour Girls' Toddler Spine Surge Runni,39.99000168,0,Standard Class,2015-04-09 21:35:00,2015-04-11 21:35:00,-2
TRANSFER,5,4,27.59000015,59.99000168,Late delivery,1,29,Shop By Sport,Bend,EE. UU.,123,Corporate,OR,97701.0,5,Golf,44.05973816,-12.13093758,LATAM,Cuernavaca,México,123,52549,627,20.0,0.25,131352,39.99000168,0.460000008,2,79.98000336,59.99000168,27.59000015,Central America,Morelos,PROCESSING,627,29,Under Armour Girls' Toddler Spine Surge Runni,39.99000168,0,Standard Class,2017-02-06 01:54:00,2017-02-11 01:54:00,1
TRANSFER,2,4,12.75,75.0,Advance shipping,0,24,Women's Apparel,Baytown,EE. UU.,8498,Corporate,TX,77520.0,5,Golf,29.73701477,-94.96875763,LATAM,Villa Nueva,Guatemala,8498,60361,502,25.0,0.25,151061,50.0,0.170000002,2,100.0,75.0,12.75,Central America,Guatemala,PROCESSING,502,24,Nike Men's Dri-FIT Victory Golf Polo,50.0,0,Standard Class,2017-05-31 02:47:00,2017-06-02 02:47:00,-2
TRANSFER,6,4,19.0,63.34000015,Late delivery,1,37,Electronics,Lodi,EE. UU.,9162,Corporate,CA,95240.0,6,Outdoors,38.11602402,-121.3637238,LATAM,Chimaltenango,Guatemala,9162,8470,825,0.639999986,0.01,21145,31.98999977,0.300000012,2,63.97999954,63.34000015,19.0,Central America,Chimaltenango,PROCESSING,825,37,Bridgestone e6 Straight Distance NFL Tennesse,31.98999977,0,Standard Class,2015-05-04 15:04:00,2015-05-10 15:04:00,2
TRANSFER,3,4,13.69999981,47.22999954,Advance shipping,0,40,Accessories,Opa Locka,EE. UU.,8925,Corporate,FL,33055.0,6,Outdoors,25.89801979,-80.24020386,LATAM,Águas Lindas de Goiás,Brasil,8925,5712,905,2.75,0.059999999,14229,24.98999977,0.289999992,2,49.97999954,47.22999954,13.69999981,South America,Goiás,PROCESSING,905,40,Team Golf Texas Longhorns Putter Grip,24.98999977,0,Standard Class,2015-03-25 08:49:00,2015-03-28 08:49:00,-1
TRANSFER,5,4,15.82999992,35.97999954,Late delivery,1,36,Golf Balls,Burnsville,EE. UU.,5981,Corporate,MN,55337.0,6,Outdoors,44.77007294,-93.28409576,LATAM,Vespasiano,Brasil,5981,9309,804,4.0,0.100000001,23226,19.98999977,0.439999998,2,39.97999954,35.97999954,15.82999992,South America,Minas Gerais,PROCESSING,804,36,Glove It Women's Imperial Golf Glove,19.98999977,0,Standard Class,2015-05-16 21:00:00,2015-05-21 21:00:00,1
TRANSFER,6,4,26.44000053,84.45999908,Late delivery,1,37,Electronics,Huntington Station,EE. UU.,7347,Corporate,NY,11746.0,6,Outdoors,40.85692978,-73.39674377,LATAM,Bogotá,Colombia,7347,8095,822,11.52000046,0.119999997,20211,47.99000168,0.310000002,2,95.98000336,84.45999908,26.44000053,South America,Bogotá,PROCESSING,822,37,Titleist Pro V1x High Numbers Golf Balls,47.99000168,0,Standard Class,2015-04-29 03:41:00,2015-05-05 03:41:00,2
TRANSFER,3,4,-45.88999939,262.2000122,Advance shipping,0,73,Sporting Goods,Caguas,Puerto Rico,19445,Corporate,PR,725.0,2,Fitness,18.29136658,-66.03705597,Pacific Asia,Bhilai,India,19445,75892,1360,65.55000305,0.200000003,179207,327.75,-0.180000007,1,327.75,262.2000122,-45.88999939,South Asia,Chhattisgarh,PROCESSING,1360,73,Smart watch ,327.75,0,Standard Class,2018-01-12 19:59:00,2018-01-15 19:59:00,-1
DEBIT,2,4,103.2399979,245.8099976,Advance shipping,0,73,Sporting Goods,Sunnyvale,EE. UU.,19444,Corporate,CA,94087.0,2,Fitness,37.34466934,-122.0356674,Pacific Asia,Qingdao,China,19444,75891,1360,81.94000244,0.25,179206,327.75,0.419999987,1,327.75,245.8099976,103.2399979,Eastern Asia,Shandong,COMPLETE,1360,73,Smart watch ,327.75,0,Standard Class,2018-01-12 19:38:00,2018-01-14 19:38:00,-2
DEBIT,6,2,81.94000244,327.75,Late delivery,1,73,Sporting Goods,Sugar Land,EE. UU.,19443,Corporate,TX,77478.0,2,Fitness,29.60960579,-95.61593628,Pacific Asia,Qingdao,China,19443,75890,1360,0.0,0.0,179205,327.75,0.25,1,327.75,327.75,81.94000244,Eastern Asia,Shandong,COMPLETE,1360,73,Smart watch ,327.75,0,Second Class,2018-01-12 19:17:00,2018-01-18 19:17:00,4
DEBIT,5,4,24.34000015,324.4700012,Late delivery,1,73,Sporting Goods,Caguas,Puerto Rico,19442,Corporate,PR,725.0,2,Fitness,18.26264191,-66.03705597,Pacific Asia,Herat,Afganistán,19442,75889,1360,3.279999971,0.01,179204,327.75,0.079999998,1,327.75,324.4700012,24.34000015,South Asia,Herat,COMPLETE,1360,73,Smart watch ,327.75,0,Standard Class,2018-01-12 18:56:00,2018-01-17 18:56:00,1
PAYMENT,4,4,-36.29999924,321.2000122,Shipping on time,0,73,Sporting Goods,Brighton,EE. UU.,19441,Corporate,MA,2135.0,2,Fitness,42.34962845,-71.15328217,Pacific Asia,Herat,Afganistán,19441,75888,1360,6.559999943,0.02,179203,327.75,-0.109999999,1,327.75,321.2000122,-36.29999924,South Asia,Herat,PENDING_PAYMENT,1360,73,Smart watch ,327.75,0,Standard Class,2018-01-12 18:35:00,2018-01-16 18:35:00,0
DEBIT,3,4,111.2699966,317.9200134,Advance shipping,0,73,Sporting Goods,Caguas,Puerto Rico,19440,Corporate,PR,725.0,2,Fitness,18.25866509,-66.03705597,Pacific Asia,Herat,Afganistán,19440,75887,1360,9.829999924,0.029999999,179202,327.75,0.349999994,1,327.75,317.9200134,111.2699966,South Asia,Herat,COMPLETE,1360,73,Smart watch ,327.75,0,Standard Class,2018-01-12 18:14:00,2018-01-15 18:14:00,-1
TRANSFER,2,4,114.2099991,314.6400146,Shipping canceled,0,73,Sporting Goods,Garden Grove,EE. UU.,19439,Corporate,CA,92840.0,2,Fitness,33.77395248,-117.9618988,Pacific Asia,Sydney,Australia,19439,75886,1360,13.10999966,0.039999999,179201,327.75,0.360000014,1,327.75,314.6400146,114.2099991,Oceania,Nueva Gales del Sur,CANCELED,1360,73,Smart watch ,327.75,0,Standard Class,2018-01-12 17:53:00,2018-01-14 17:53:00,-2
PAYMENT,6,2,-71.30000305,311.3599854,Late delivery,1,73,Sporting Goods,Caguas,Puerto Rico,19438,Home Office,PR,725.0,2,Fitness,18.21509743,-66.0370636,Pacific Asia,Bandung,Indonesia,19438,75885,1360,16.38999939,0.050000001,179200,327.75,-0.230000004,1,327.75,311.3599854,-71.30000305,Southeast Asia,Java Occidental,PENDING_PAYMENT,1360,73,Smart watch ,327.75,0,Second Class,2018-01-12 17:32:00,2018-01-18 17:32:00,4
TRANSFER,5,4,37.16999817,309.7200012,Late delivery,1,73,Sporting Goods,Bismarck,EE. UU.,19437,Corporate,ND,58501.0,2,Fitness,46.81184387,-100.7877197,Pacific Asia,Newcastle,Australia,19437,75884,1360,18.03000069,0.059999999,179199,327.75,0.119999997,1,327.75,309.7200012,37.16999817,Oceania,Nueva Gales del Sur,PENDING,1360,73,Smart watch ,327.75,0,Standard Class,2018-01-12 17:11:00,2018-01-17 17:11:00,1
DEBIT,2,1,146.3099976,304.8099976,Late delivery,1,73,Sporting Goods,Caguas,Puerto Rico,19436,Home Office,PR,725.0,2,Fitness,18.20598602,-66.03705597,Pacific Asia,Tongchuan,China,19436,75883,1360,22.94000053,0.07,179198,327.75,0.479999989,1,327.75,304.8099976,146.3099976,Eastern Asia,Shaanxi,COMPLETE,1360,73,Smart watch ,327.75,0,First Class,2018-01-12 16:50:00,2018-01-14 16:50:00,1
TRANSFER,3,4,74.55999756,298.25,Advance shipping,0,73,Sporting Goods,Gaithersburg,EE. UU.,19435,Consumer,MD,20878.0,2,Fitness,39.14162064,-77.2270813,Pacific Asia,Tongchuan,China,19435,75882,1360,29.5,0.090000004,179197,327.75,0.25,1,327.75,298.25,74.55999756,Eastern Asia,Shaanxi,PENDING,1360,73,Smart watch ,327.75,0,Standard Class,2018-01-12 16:29:00,2018-01-15 16:29:00,-1
DEBIT,2,4,59.0,294.980011,Advance shipping,0,73,Sporting Goods,Caguas,Puerto Rico,19434,Corporate,PR,725.0,2,Fitness,18.20355415,-66.03705597,Pacific Asia,Tongchuan,China,19434,75881,1360,32.77999878,0.100000001,179196,327.75,0.200000003,1,327.75,294.980011,59.0,Eastern Asia,Shaanxi,COMPLETE,1360,73,Smart watch ,327.75,0,Standard Class,2018-01-12 16:08:00,2018-01-14 16:08:00,-2
DEBIT,6,4,83.63999939,288.4200134,Late delivery,1,73,Sporting Goods,Bismarck,EE. UU.,19433,Corporate,ND,58501.0,2,Fitness,46.81184387,-100.7877197,Pacific Asia,Tongchuan,China,19433,75880,1360,39.33000183,0.119999997,179195,327.75,0.289999992,1,327.75,288.4200134,83.63999939,Eastern Asia,Shaanxi,COMPLETE,1360,73,Smart watch ,327.75,0,Standard Class,2018-01-12 15:47:00,2018-01-18 15:47:00,2
TRANSFER,5,4,136.8699951,285.1400146,Late delivery,1,73,Sporting Goods,Honolulu,EE. UU.,19432,Corporate,HI,96817.0,2,Fitness,21.32156754,-157.8721771,Pacific Asia,Ujjain,India,19432,75879,1360,42.61000061,0.129999995,179194,327.75,0.479999989,1,327.75,285.1400146,136.8699951,South Asia,Madhya Pradesh,PROCESSING,1360,73,Smart watch ,327.75,0,Standard Class,2018-01-12 15:26:00,2018-01-17 15:26:00,1
DEBIT,4,4,20.88999939,278.5899963,Shipping on time,0,73,Sporting Goods,Lilburn,EE. UU.,19431,Corporate,GA,30047.0,2,Fitness,33.90219879,-84.15373993,Pacific Asia,Ujjain,India,19431,75878,1360,49.15999985,0.150000006,179193,327.75,0.079999998,1,327.75,278.5899963,20.88999939,South Asia,Madhya Pradesh,COMPLETE,1360,73,Smart watch ,327.75,0,Standard Class,2018-01-12 15:05:00,2018-01-16 15:05:00,0
TRANSFER,3,4,-55.06000137,275.3099976,Advance shipping,0,73,Sporting Goods,Caguas,Puerto Rico,19430,Corporate,PR,725.0,2,Fitness,18.21857071,-66.03705597,Pacific Asia,Balikpapan,Indonesia,19430,75877,1360,52.43999863,0.159999996,179192,327.75,-0.200000003,1,327.75,275.3099976,-55.06000137,Southeast Asia,Kalimantan Oriental,PROCESSING,1360,73,Smart watch ,327.75,0,Standard Class,2018-01-12 14:44:00,2018-01-15 14:44:00,-1
TRANSFER,2,4,36.18000031,272.0299988,Advance shipping,0,73,Sporting Goods,Virginia Beach,EE. UU.,19429,Consumer,VA,23455.0,2,Fitness,36.91083145,-76.12958527,Pacific Asia,Balikpapan,Indonesia,19429,75876,1360,55.72000122,0.170000002,179191,327.75,0.129999995,1,327.75,272.0299988,36.18000031,Southeast Asia,Kalimantan Oriental,PENDING,1360,73,Smart watch ,327.75,0,Standard Class,2018-01-12 14:23:00,2018-01-14 14:23:00,-2
PAYMENT,6,2,131.6900024,268.7600098,Late delivery,1,73,Sporting Goods,Azusa,EE. UU.,19428,Consumer,CA,91702.0,2,Fitness,34.13932037,-117.9074402,Pacific Asia,Balikpapan,Indonesia,19428,75875,1360,59.0,0.180000007,179190,327.75,0.49000001,1,327.75,268.7600098,131.6900024,Southeast Asia,Kalimantan Oriental,PENDING_PAYMENT,1360,73,Smart watch ,327.75,0,Second Class,2018-01-12 14:02:00,2018-01-18 14:02:00,4
PAYMENT,5,4,91.76999664,262.2000122,Late delivery,1,73,Sporting Goods,Long Beach,EE. UU.,19427,Corporate,CA,90813.0,2,Fitness,33.78245163,-118.1922455,Pacific Asia,Balikpapan,Indonesia,19427,75874,1360,65.55000305,0.200000003,179189,327.75,0.349999994,1,327.75,262.2000122,91.76999664,Southeast Asia,Kalimantan Oriental,PENDING_PAYMENT,1360,73,Smart watch ,327.75,0,Standard Class,2018-01-12 13:41:00,2018-01-17 13:41:00,1
TRANSFER,4,4,-163.9600067,245.8099976,Shipping on time,0,73,Sporting Goods,Bronx,EE. UU.,19426,Consumer,NY,10458.0,2,Fitness,40.86618042,-73.87023926,Pacific Asia,Pune,India,19426,75873,1360,81.94000244,0.25,179188,327.75,-0.670000017,1,327.75,245.8099976,-163.9600067,South Asia,Maharashtra,PROCESSING,1360,73,Smart watch ,327.75,0,Standard Class,2018-01-12 13:20:00,2018-01-16 13:20:00,0
TRANSFER,3,4,144.2100067,327.75,Advance shipping,0,73,Sporting Goods,Caguas,Puerto Rico,19425,Consumer,PR,725.0,2,Fitness,18.27690888,-66.03705597,Pacific Asia,Pune,India,19425,75872,1360,0.0,0.0,179187,327.75,0.439999998,1,327.75,327.75,144.2100067,South Asia,Maharashtra,PENDING,1360,73,Smart watch ,327.75,0,Standard Class,2018-01-12 12:59:00,2018-01-15 12:59:00,-1
DEBIT,2,1,32.45000076,324.4700012,Late delivery,1,73,Sporting Goods,Provo,EE. UU.,19424,Consumer,UT,84604.0,2,Fitness,40.3957901,-111.5488815,Pacific Asia,Pune,India,19424,75871,1360,3.279999971,0.01,179186,327.75,0.100000001,1,327.75,324.4700012,32.45000076,South Asia,Maharashtra,COMPLETE,1360,73,Smart watch ,327.75,0,First Class,2018-01-12 12:38:00,2018-01-14 12:38:00,1
DEBIT,2,1,93.15000153,321.2000122,Late delivery,1,73,Sporting Goods,Columbia,EE. UU.,19423,Consumer,TN,38401.0,2,Fitness,35.56920242,-87.08045197,Pacific Asia,Pune,India,19423,75870,1360,6.559999943,0.02,179185,327.75,0.289999992,1,327.75,321.2000122,93.15000153,South Asia,Maharashtra,COMPLETE,1360,73,Smart watch ,327.75,0,First Class,2018-01-12 12:17:00,2018-01-14 12:17:00,1
DEBIT,2,1,79.48000336,317.9200134,Late delivery,1,73,Sporting Goods,Caguas,Puerto Rico,19422,Consumer,PR,725.0,2,Fitness,18.25554657,-66.03705597,Pacific Asia,Pune,India,19422,75869,1360,9.829999924,0.029999999,179184,327.75,0.25,1,327.75,317.9200134,79.48000336,South Asia,Maharashtra,COMPLETE,1360,73,Smart watch ,327.75,0,First Class,2018-01-12 11:56:00,2018-01-14 11:56:00,1
TRANSFER,2,1,100.6800003,314.6400146,Late delivery,1,73,Sporting Goods,Stockton,EE. UU.,19421,Consumer,CA,95207.0,2,Fitness,37.92684937,-121.3893127,Pacific Asia,Weifang,China,19421,75868,1360,13.10999966,0.039999999,179183,327.75,0.319999993,1,327.75,314.6400146,100.6800003,Eastern Asia,Shandong,PROCESSING,1360,73,Smart watch ,327.75,0,First Class,2018-01-12 11:35:00,2018-01-14 11:35:00,1
TRANSFER,0,0,149.4499969,311.3599854,Shipping on time,0,73,Sporting Goods,Marietta,EE. UU.,19420,Home Office,GA,30062.0,2,Fitness,34.02061462,-84.42745972,Pacific Asia,Yogyakarta,Indonesia,19420,75867,1360,16.38999939,0.050000001,179182,327.75,0.479999989,1,327.75,311.3599854,149.4499969,Southeast Asia,Yogyakarta,PENDING,1360,73,Smart watch ,327.75,0,Same Day,2018-01-12 11:14:00,2018-01-12 23:14:00,0
PAYMENT,0,0,80.52999878,309.7200012,Shipping on time,0,73,Sporting Goods,Caguas,Puerto Rico,19419,Home Office,PR,725.0,2,Fitness,18.23998261,-66.03705597,Pacific Asia,Yogyakarta,Indonesia,19419,75866,1360,18.03000069,0.059999999,179181,327.75,0.25999999,1,327.75,309.7200012,80.52999878,Southeast Asia,Yogyakarta,PENDING_PAYMENT,1360,73,Smart watch ,327.75,0,Same Day,2018-01-12 10:53:00,2018-01-12 22:53:00,0
CASH,0,0,-34.75,304.8099976,Shipping on time,0,73,Sporting Goods,Holland,EE. UU.,19418,Consumer,MI,49423.0,2,Fitness,42.83187103,-86.07852173,Pacific Asia,Toowoomba,Australia,19418,75865,1360,22.94000053,0.07,179180,327.75,-0.109999999,1,327.75,304.8099976,-34.75,Oceania,Queensland,CLOSED,1360,73,Smart watch ,327.75,0,Same Day,2018-01-12 10:32:00,2018-01-12 22:32:00,0
TRANSFER,5,4,146.1399994,298.25,Late delivery,1,73,Sporting Goods,Rio Grande,Puerto Rico,19417,Home Office,PR,745.0,2,Fitness,42.25645828,-83.41688538,Pacific Asia,Toowoomba,Australia,19417,75864,1360,29.5,0.090000004,179179,327.75,0.49000001,1,327.75,298.25,146.1399994,Oceania,Queensland,PENDING,1360,73,Smart watch ,327.75,0,Standard Class,2018-01-12 10:11:00,2018-01-17 10:11:00,1
PAYMENT,4,4,22.12000084,294.980011,Shipping on time,0,73,Sporting Goods,Brooklyn,EE. UU.,19416,Home Office,NY,11212.0,2,Fitness,40.66080093,-73.92007446,Pacific Asia,Toowoomba,Australia,19416,75863,1360,32.77999878,0.100000001,179178,327.75,0.079999998,1,327.75,294.980011,22.12000084,Oceania,Queensland,PENDING_PAYMENT,1360,73,Smart watch ,327.75,0,Standard Class,2018-01-12 09:50:00,2018-01-16 09:50:00,0
TRANSFER,3,4,-447.0499878,288.4200134,Advance shipping,0,73,Sporting Goods,Caguas,Puerto Rico,19415,Consumer,PR,725.0,2,Fitness,18.2498951,-66.0370636,Pacific Asia,Rockhampton,Australia,19415,75862,1360,39.33000183,0.119999997,179177,327.75,-1.549999952,1,327.75,288.4200134,-447.0499878,Oceania,Queensland,PENDING,1360,73,Smart watch ,327.75,0,Standard Class,2018-01-12 09:29:00,2018-01-15 09:29:00,-1
DEBIT,2,4,106.9300003,285.1400146,Advance shipping,0,73,Sporting Goods,Denver,EE. UU.,19414,Corporate,CO,80219.0,2,Fitness,39.68975067,-105.0245895,Pacific Asia,Rockhampton,Australia,19414,75861,1360,42.61000061,0.129999995,179176,327.75,0.379999995,1,327.75,285.1400146,106.9300003,Oceania,Queensland,COMPLETE,1360,73,Smart watch ,327.75,0,Standard Class,2018-01-12 09:08:00,2018-01-14 09:08:00,-2
DEBIT,6,4,-459.6700134,278.5899963,Late delivery,1,73,Sporting Goods,Taylor,EE. UU.,19413,Corporate,MI,48180.0,2,Fitness,42.52365494,-85.69445801,Pacific Asia,Rockhampton,Australia,19413,75860,1360,49.15999985,0.150000006,179175,327.75,-1.649999976,1,327.75,278.5899963,-459.6700134,Oceania,Queensland,COMPLETE,1360,73,Smart watch ,327.75,0,Standard Class,2018-01-12 08:47:00,2018-01-18 08:47:00,2
TRANSFER,5,4,-61.93999863,275.3099976,Shipping canceled,0,73,Sporting Goods,Caguas,Puerto Rico,19412,Corporate,PR,725.0,2,Fitness,18.29883003,-66.0370636,Pacific Asia,Siping,China,19412,75859,1360,52.43999863,0.159999996,179174,327.75,-0.230000004,1,327.75,275.3099976,-61.93999863,Eastern Asia,Jilin,SUSPECTED_FRAUD,1360,73,Smart watch ,327.75,0,Standard Class,2018-01-12 08:26:00,2018-01-17 08:26:00,1
DEBIT,4,2,111.5299988,272.0299988,Late delivery,1,73,Sporting Goods,Chicago,EE. UU.,19411,Corporate,IL,60637.0,2,Fitness,41.7828064,-87.61464691,Pacific Asia,Perth,Australia,19411,75858,1360,55.72000122,0.170000002,179173,327.75,0.409999996,1,327.75,272.0299988,111.5299988,Oceania,Australia Occidental,COMPLETE,1360,73,Smart watch ,327.75,0,Second Class,2018-01-12 08:05:00,2018-01-16 08:05:00,2
DEBIT,3,4,131.6900024,268.7600098,Advance shipping,0,73,Sporting Goods,Caguas,Puerto Rico,19410,Corporate,PR,725.0,2,Fitness,18.29244614,-66.0370636,Pacific Asia,Perth,Australia,19410,75857,1360,59.0,0.180000007,179172,327.75,0.49000001,1,327.75,268.7600098,131.6900024,Oceania,Australia Occidental,COMPLETE,1360,73,Smart watch ,327.75,0,Standard Class,2018-01-12 07:44:00,2018-01-15 07:44:00,-1
DEBIT,2,2,85.22000122,262.2000122,Shipping on time,0,73,Sporting Goods,Detroit,EE. UU.,19409,Corporate,MI,48205.0,2,Fitness,42.40109634,-82.92513275,Pacific Asia,Shanghái,China,19409,75856,1360,65.55000305,0.200000003,179171,327.75,0.330000013,1,327.75,262.2000122,85.22000122,Eastern Asia,Shanghái,ON_HOLD,1360,73,Smart watch ,327.75,0,Second Class,2018-01-12 07:23:00,2018-01-14 07:23:00,0
PAYMENT,2,1,63.90999985,245.8099976,Late delivery,1,73,Sporting Goods,Caguas,Puerto Rico,19408,Consumer,PR,725.0,2,Fitness,18.20002747,-66.03704834,Pacific Asia,Depok,Indonesia,19408,75855,1360,81.94000244,0.25,179170,327.75,0.25999999,1,327.75,245.8099976,63.90999985,Southeast Asia,Yogyakarta,PENDING_PAYMENT,1360,73,Smart watch ,327.75,0,First Class,2018-01-12 07:02:00,2018-01-14 07:02:00,1
DEBIT,5,2,-273.019989,327.75,Late delivery,1,73,Sporting Goods,Murfreesboro,EE. UU.,19407,Consumer,TN,37130.0,2,Fitness,36.04489517,-86.35327148,Pacific Asia,Depok,Indonesia,19407,75854,1360,0.0,0.0,179169,327.75,-0.829999983,1,327.75,327.75,-273.019989,Southeast Asia,Yogyakarta,COMPLETE,1360,73,Smart watch ,327.75,0,Second Class,2018-01-12 06:41:00,2018-01-17 06:41:00,3
PAYMENT,4,2,-259.5799866,324.4700012,Late delivery,1,73,Sporting Goods,Caguas,Puerto Rico,19406,Consumer,PR,725.0,2,Fitness,18.23353386,-66.0370636,Pacific Asia,Kawasaki,Japón,19406,75853,1360,3.279999971,0.01,179168,327.75,-0.800000012,1,327.75,324.4700012,-259.5799866,Eastern Asia,Kanagawa,PENDING_PAYMENT,1360,73,Smart watch ,327.75,0,Second Class,2018-01-12 06:20:00,2018-01-16 06:20:00,2
DEBIT,3,4,20.23999977,321.2000122,Advance shipping,0,73,Sporting Goods,Cleveland,EE. UU.,19405,Corporate,OH,44102.0,2,Fitness,41.47214127,-81.73681641,Pacific Asia,Lahore,Pakistán,19405,75852,1360,6.559999943,0.02,179167,327.75,0.059999999,1,327.75,321.2000122,20.23999977,South Asia,Punyab,COMPLETE,1360,73,Smart watch ,327.75,0,Standard Class,2018-01-12 05:59:00,2018-01-15 05:59:00,-1
TRANSFER,2,4,111.2699966,317.9200134,Advance shipping,0,73,Sporting Goods,Caguas,Puerto Rico,19404,Consumer,PR,725.0,2,Fitness,18.28108215,-66.03705597,Pacific Asia,Shanghái,China,19404,75851,1360,9.829999924,0.029999999,179166,327.75,0.349999994,1,327.75,317.9200134,111.2699966,Eastern Asia,Shanghái,PENDING,1360,73,Smart watch ,327.75,0,Standard Class,2018-01-12 05:38:00,2018-01-14 05:38:00,-2
DEBIT,6,4,0.0,314.6400146,Late delivery,1,73,Sporting Goods,Lockport,EE. UU.,19403,Corporate,NY,14094.0,2,Fitness,43.16891098,-78.69216156,Pacific Asia,Bangalore,India,19403,75850,1360,13.10999966,0.039999999,179165,327.75,0.0,1,327.75,314.6400146,0.0,South Asia,Karnataka,COMPLETE,1360,73,Smart watch ,327.75,0,Standard Class,2018-01-12 05:16:00,2018-01-18 05:16:00,2
PAYMENT,5,4,97.45999908,311.3599854,Late delivery,1,73,Sporting Goods,Caguas,Puerto Rico,19402,Corporate,PR,725.0,2,Fitness,18.20433235,-66.03705597,Pacific Asia,Bangalore,India,19402,75849,1360,16.38999939,0.050000001,179164,327.75,0.310000002,1,327.75,311.3599854,97.45999908,South Asia,Karnataka,PENDING_PAYMENT,1360,73,Smart watch ,327.75,0,Standard Class,2018-01-12 04:55:00,2018-01-17 04:55:00,1
PAYMENT,4,2,89.8199997,309.7200012,Late delivery,1,73,Sporting Goods,Saint Charles,EE. UU.,19401,Corporate,MO,63301.0,2,Fitness,38.77838135,-90.50777435,Pacific Asia,Bangalore,India,19401,75848,1360,18.03000069,0.059999999,179163,327.75,0.289999992,1,327.75,309.7200012,89.8199997,South Asia,Karnataka,PENDING_PAYMENT,1360,73,Smart watch ,327.75,0,Second Class,2018-01-12 04:34:00,2018-01-16 04:34:00,2
TRANSFER,3,2,85.34999847,304.8099976,Shipping canceled,0,73,Sporting Goods,Los Angeles,EE. UU.,19400,Corporate,CA,90046.0,2,Fitness,34.09960938,-118.3507385,Pacific Asia,Bangalore,India,19400,75847,1360,22.94000053,0.07,179162,327.75,0.280000001,1,327.75,304.8099976,85.34999847,South Asia,Karnataka,SUSPECTED_FRAUD,1360,73,Smart watch ,327.75,0,Second Class,2018-01-12 04:13:00,2018-01-15 04:13:00,1
TRANSFER,2,4,125.2699966,298.25,Advance shipping,0,73,Sporting Goods,Cupertino,EE. UU.,19399,Home Office,CA,95014.0,2,Fitness,37.32138825,-122.0307388,Pacific Asia,Bangalore,India,19399,75846,1360,29.5,0.090000004,179161,327.75,0.419999987,1,327.75,298.25,125.2699966,South Asia,Karnataka,PROCESSING,1360,73,Smart watch ,327.75,0,Standard Class,2018-01-12 03:52:00,2018-01-14 03:52:00,-2
PAYMENT,6,4,91.44000244,294.980011,Late delivery,1,73,Sporting Goods,Caguas,Puerto Rico,19398,Home Office,PR,725.0,2,Fitness,18.23747444,-66.0370636,Pacific Asia,Malang,Indonesia,19398,75845,1360,32.77999878,0.100000001,179160,327.75,0.310000002,1,327.75,294.980011,91.44000244,Southeast Asia,Java Oriental,PENDING_PAYMENT,1360,73,Smart watch ,327.75,0,Standard Class,2018-01-12 03:31:00,2018-01-18 03:31:00,2
TRANSFER,5,4,77.87000275,288.4200134,Late delivery,1,73,Sporting Goods,Springfield,EE. UU.,19397,Home Office,MO,65807.0,2,Fitness,37.15639114,-93.28601074,Pacific Asia,Ho Chi Minh City,Vietnam,19397,75844,1360,39.33000183,0.119999997,179159,327.75,0.270000011,1,327.75,288.4200134,77.87000275,Southeast Asia,Ciudad Ho Chi Minh,PENDING,1360,73,Smart watch ,327.75,0,Standard Class,2018-01-12 03:10:00,2018-01-17 03:10:00,1
PAYMENT,4,2,82.69000244,285.1400146,Late delivery,1,73,Sporting Goods,Caguas,Puerto Rico,19396,Home Office,PR,725.0,2,Fitness,18.28423882,-66.03704834,Pacific Asia,Ho Chi Minh City,Vietnam,19396,75843,1360,42.61000061,0.129999995,179158,327.75,0.289999992,1,327.75,285.1400146,82.69000244,Southeast Asia,Ciudad Ho Chi Minh,PENDING_PAYMENT,1360,73,Smart watch ,327.75,0,Second Class,2018-01-12 02:49:00,2018-01-16 02:49:00,2
TRANSFER,3,4,69.65000153,278.5899963,Advance shipping,0,73,Sporting Goods,Mission Viejo,EE. UU.,19395,Home Office,CA,92692.0,2,Fitness,33.64875412,-117.6374283,Pacific Asia,Ho Chi Minh City,Vietnam,19395,75842,1360,49.15999985,0.150000006,179157,327.75,0.25,1,327.75,278.5899963,69.65000153,Southeast Asia,Ciudad Ho Chi Minh,PROCESSING,1360,73,Smart watch ,327.75,0,Standard Class,2018-01-12 02:28:00,2018-01-15 02:28:00,-1
DEBIT,2,4,134.8999939,275.3099976,Advance shipping,0,73,Sporting Goods,Los Angeles,EE. UU.,19394,Home Office,CA,90042.0,2,Fitness,34.11436462,-118.192482,Pacific Asia,Ho Chi Minh City,Vietnam,19394,75841,1360,52.43999863,0.159999996,179156,327.75,0.49000001,1,327.75,275.3099976,134.8999939,Southeast Asia,Ciudad Ho Chi Minh,COMPLETE,1360,73,Smart watch ,327.75,0,Standard Class,2018-01-12 02:07:00,2018-01-14 02:07:00,-2
CASH,6,2,-199.3999939,272.0299988,Late delivery,1,73,Sporting Goods,Caguas,Puerto Rico,19393,Home Office,PR,725.0,2,Fitness,18.23448372,-66.0370636,Pacific Asia,Shenyang,China,19393,75840,1360,55.72000122,0.170000002,179155,327.75,-0.730000019,1,327.75,272.0299988,-199.3999939,Eastern Asia,Liaoning,CLOSED,1360,73,Smart watch ,327.75,0,Second Class,2018-01-12 01:46:00,2018-01-18 01:46:00,4
TRANSFER,5,2,-215.0,268.7600098,Late delivery,1,73,Sporting Goods,Roswell,EE. UU.,19392,Home Office,GA,30075.0,2,Fitness,34.0256691,-84.35742188,Pacific Asia,Shenyang,China,19392,75839,1360,59.0,0.180000007,179154,327.75,-0.800000012,1,327.75,268.7600098,-215.0,Eastern Asia,Liaoning,PROCESSING,1360,73,Smart watch ,327.75,0,Second Class,2018-01-12 01:25:00,2018-01-17 01:25:00,3
PAYMENT,2,1,82.0699997,262.2000122,Late delivery,1,73,Sporting Goods,Caguas,Puerto Rico,19391,Corporate,PR,725.0,2,Fitness,18.2726593,-66.03705597,Pacific Asia,Daegu,Corea del Sur,19391,75838,1360,65.55000305,0.200000003,179153,327.75,0.310000002,1,327.75,262.2000122,82.0699997,Eastern Asia,Daegu,PENDING_PAYMENT,1360,73,Smart watch ,327.75,0,First Class,2018-01-12 01:04:00,2018-01-14 01:04:00,1
CASH,2,1,76.94000244,245.8099976,Late delivery,1,73,Sporting Goods,Ypsilanti,EE. UU.,19390,Home Office,MI,48197.0,2,Fitness,42.24398804,-83.61991119,Pacific Asia,Manila,Filipinas,19390,75837,1360,81.94000244,0.25,179152,327.75,0.310000002,1,327.75,245.8099976,76.94000244,Southeast Asia,Capital Nacional,CLOSED,1360,73,Smart watch ,327.75,0,First Class,2018-01-12 00:43:00,2018-01-14 00:43:00,1
CASH,2,2,-540.789978,327.75,Shipping on time,0,73,Sporting Goods,Brooklyn,EE. UU.,19389,Corporate,NY,11218.0,2,Fitness,40.64059448,-73.97518921,Pacific Asia,Manila,Filipinas,19389,75836,1360,0.0,0.0,179151,327.75,-1.649999976,1,327.75,327.75,-540.789978,Southeast Asia,Capital Nacional,CLOSED,1360,73,Smart watch ,327.75,0,Second Class,2018-01-12 00:22:00,2018-01-14 00:22:00,0
DEBIT,6,2,-146.0099945,324.4700012,Late delivery,1,73,Sporting Goods,Caguas,Puerto Rico,19388,Corporate,PR,725.0,2,Fitness,18.28867149,-66.0370636,Pacific Asia,Rajkot,India,19388,75835,1360,3.279999971,0.01,179150,327.75,-0.449999988,1,327.75,324.4700012,-146.0099945,South Asia,Guyarat,COMPLETE,1360,73,Smart watch ,327.75,0,Second Class,2018-01-12 00:01:00,2018-01-18 00:01:00,4
PAYMENT,5,2,93.15000153,321.2000122,Late delivery,1,73,Sporting Goods,Peoria,EE. UU.,19387,Corporate,AZ,85345.0,2,Fitness,33.57873154,-112.266098,Pacific Asia,Rajkot,India,19387,75834,1360,6.559999943,0.02,179149,327.75,0.289999992,1,327.75,321.2000122,93.15000153,South Asia,Guyarat,PENDING_PAYMENT,1360,73,Smart watch ,327.75,0,Second Class,2018-01-11 23:40:00,2018-01-16 23:40:00,3
DEBIT,2,1,149.4199982,317.9200134,Late delivery,1,73,Sporting Goods,Caguas,Puerto Rico,19386,Corporate,PR,725.0,2,Fitness,18.20901108,-66.03705597,Pacific Asia,Rajkot,India,19386,75833,1360,9.829999924,0.029999999,179148,327.75,0.469999999,1,327.75,317.9200134,149.4199982,South Asia,Guyarat,COMPLETE,1360,73,Smart watch ,327.75,0,First Class,2018-01-11 23:19:00,2018-01-13 23:19:00,1
CASH,2,1,31.45999908,314.6400146,Late delivery,1,73,Sporting Goods,Garden Grove,EE. UU.,19385,Corporate,CA,92843.0,2,Fitness,33.76652145,-117.9461899,Pacific Asia,Rajkot,India,19385,75832,1360,13.10999966,0.039999999,179147,327.75,0.100000001,1,327.75,314.6400146,31.45999908,South Asia,Guyarat,CLOSED,1360,73,Smart watch ,327.75,0,First Class,2018-01-11 22:58:00,2018-01-13 22:58:00,1
PAYMENT,2,1,0.0,311.3599854,Late delivery,1,73,Sporting Goods,Caguas,Puerto Rico,19384,Home Office,PR,725.0,2,Fitness,18.29984283,-66.03705597,Pacific Asia,Gorakhpur,India,19384,75831,1360,16.38999939,0.050000001,179146,327.75,0.0,1,327.75,311.3599854,0.0,South Asia,Haryana,PENDING_PAYMENT,1360,73,Smart watch ,327.75,0,First Class,2018-01-11 22:37:00,2018-01-13 22:37:00,1
PAYMENT,6,4,151.7599945,309.7200012,Late delivery,1,73,Sporting Goods,Clementon,EE. UU.,19383,Corporate,NJ,8021.0,2,Fitness,39.81664658,-74.98467255,Pacific Asia,Surabaya,Indonesia,19383,75830,1360,18.03000069,0.059999999,179145,327.75,0.49000001,1,327.75,309.7200012,151.7599945,Southeast Asia,Java Oriental,PENDING_PAYMENT,1360,73,Smart watch ,327.75,0,Standard Class,2018-01-11 22:16:00,2018-01-17 22:16:00,2
PAYMENT,5,4,146.3099976,304.8099976,Late delivery,1,73,Sporting Goods,Memphis,EE. UU.,19382,Corporate,TN,38127.0,2,Fitness,35.28209686,-89.97310638,Pacific Asia,Surabaya,Indonesia,19382,75829,1360,22.94000053,0.07,179144,327.75,0.479999989,1,327.75,304.8099976,146.3099976,Southeast Asia,Java Oriental,PENDING_PAYMENT,1360,73,Smart watch ,327.75,0,Standard Class,2018-01-11 21:55:00,2018-01-16 21:55:00,1
DEBIT,4,4,20.87999916,298.25,Shipping on time,0,73,Sporting Goods,Antioch,EE. UU.,19381,Consumer,TN,37013.0,2,Fitness,36.0810051,-86.6870575,Pacific Asia,Surabaya,Indonesia,19381,75828,1360,29.5,0.090000004,179143,327.75,0.07,1,327.75,298.25,20.87999916,Southeast Asia,Java Oriental,ON_HOLD,1360,73,Smart watch ,327.75,0,Standard Class,2018-01-11 21:34:00,2018-01-15 21:34:00,0
DEBIT,3,4,95.87000275,294.980011,Advance shipping,0,73,Sporting Goods,Caguas,Puerto Rico,19380,Consumer,PR,725.0,2,Fitness,18.27984047,-66.03704834,Pacific Asia,Brisbane,Australia,19380,75827,1360,32.77999878,0.100000001,179142,327.75,0.330000013,1,327.75,294.980011,95.87000275,Oceania,Queensland,COMPLETE,1360,73,Smart watch ,327.75,0,Standard Class,2018-01-11 21:13:00,2018-01-14 21:13:00,-1
CASH,2,4,135.5599976,288.4200134,Advance shipping,0,73,Sporting Goods,Salt Lake City,EE. UU.,19379,Home Office,UT,84118.0,2,Fitness,40.65987396,-112.0028687,Pacific Asia,Bangkok,Tailandia,19379,75826,1360,39.33000183,0.119999997,179141,327.75,0.469999999,1,327.75,288.4200134,135.5599976,Southeast Asia,Bangkok,CLOSED,1360,73,Smart watch ,327.75,0,Standard Class,2018-01-11 20:52:00,2018-01-13 20:52:00,-2
DEBIT,6,4,74.13999939,285.1400146,Late delivery,1,73,Sporting Goods,Caguas,Puerto Rico,19378,Consumer,PR,725.0,2,Fitness,18.25708389,-66.03704834,Pacific Asia,Bangkok,Tailandia,19378,75825,1360,42.61000061,0.129999995,179140,327.75,0.25999999,1,327.75,285.1400146,74.13999939,Southeast Asia,Bangkok,COMPLETE,1360,73,Smart watch ,327.75,0,Standard Class,2018-01-11 20:31:00,2018-01-17 20:31:00,2
CASH,5,4,78.0,278.5899963,Late delivery,1,73,Sporting Goods,Bakersfield,EE. UU.,19377,Consumer,CA,93304.0,2,Fitness,35.36254501,-119.0186996,Pacific Asia,Daca,Bangladés,19377,75824,1360,49.15999985,0.150000006,179139,327.75,0.280000001,1,327.75,278.5899963,78.0,South Asia,Daca,CLOSED,1360,73,Smart watch ,327.75,0,Standard Class,2018-01-11 20:10:00,2018-01-16 20:10:00,1
TRANSFER,4,4,-183.6300049,275.3099976,Shipping on time,0,73,Sporting Goods,Caguas,Puerto Rico,19376,Corporate,PR,725.0,2,Fitness,18.21950722,-66.03704834,Pacific Asia,Daca,Bangladés,19376,75823,1360,52.43999863,0.159999996,179138,327.75,-0.670000017,1,327.75,275.3099976,-183.6300049,South Asia,Daca,PENDING,1360,73,Smart watch ,327.75,0,Standard Class,2018-01-11 19:49:00,2018-01-15 19:49:00,0
DEBIT,3,4,98.75,272.0299988,Advance shipping,0,73,Sporting Goods,Granada Hills,EE. UU.,19375,Consumer,CA,91344.0,2,Fitness,34.07363892,-117.7083511,Pacific Asia,Nagpur,India,19375,75822,1360,55.72000122,0.170000002,179137,327.75,0.360000014,1,327.75,272.0299988,98.75,South Asia,Maharashtra,COMPLETE,1360,73,Smart watch ,327.75,0,Standard Class,2018-01-11 19:28:00,2018-01-14 19:28:00,-1
DEBIT,2,4,26.87999916,268.7600098,Advance shipping,0,73,Sporting Goods,Caguas,Puerto Rico,19374,Consumer,PR,725.0,2,Fitness,18.25214958,-66.03705597,Pacific Asia,Nagpur,India,19374,75821,1360,59.0,0.180000007,179136,327.75,0.100000001,1,327.75,268.7600098,26.87999916,South Asia,Maharashtra,COMPLETE,1360,73,Smart watch ,327.75,0,Standard Class,2018-01-11 19:07:00,2018-01-13 19:07:00,-2
DEBIT,6,4,91.76999664,262.2000122,Late delivery,1,73,Sporting Goods,Tallahassee,EE. UU.,19373,Home Office,FL,32308.0,2,Fitness,30.49506187,-84.24580383,Pacific Asia,Bangkok,Tailandia,19373,75820,1360,65.55000305,0.200000003,179135,327.75,0.349999994,1,327.75,262.2000122,91.76999664,Southeast Asia,Bangkok,COMPLETE,1360,73,Smart watch ,327.75,0,Standard Class,2018-01-11 18:46:00,2018-01-17 18:46:00,2
DEBIT,5,4,-180.1799927,245.8099976,Late delivery,1,73,Sporting Goods,Caguas,Puerto Rico,19372,Home Office,PR,725.0,2,Fitness,18.2536087,-66.0370636,Pacific Asia,Nakhon Ratchasima,Tailandia,19372,75819,1360,81.94000244,0.25,179134,327.75,-0.730000019,1,327.75,245.8099976,-180.1799927,Southeast Asia,Nakhon Ratchasima,COMPLETE,1360,73,Smart watch ,327.75,0,Standard Class,2018-01-11 18:25:00,2018-01-16 18:25:00,1
TRANSFER,4,4,-251.3800049,327.75,Shipping on time,0,73,Sporting Goods,Hempstead,EE. UU.,19371,Home Office,NY,11550.0,2,Fitness,40.68703461,-73.62446594,Pacific Asia,Sydney,Australia,19371,75818,1360,0.0,0.0,179133,327.75,-0.769999981,1,327.75,327.75,-251.3800049,Oceania,Nueva Gales del Sur,PROCESSING,1360,73,Smart watch ,327.75,0,Standard Class,2018-01-11 18:04:00,2018-01-15 18:04:00,0
CASH,3,4,-237.8399963,324.4700012,Advance shipping,0,73,Sporting Goods,Caguas,Puerto Rico,19370,Corporate,PR,725.0,2,Fitness,18.26331902,-66.03705597,Pacific Asia,Sydney,Australia,19370,75817,1360,3.279999971,0.01,179132,327.75,-0.730000019,1,327.75,324.4700012,-237.8399963,Oceania,Nueva Gales del Sur,CLOSED,1360,73,Smart watch ,327.75,0,Standard Class,2018-01-11 17:43:00,2018-01-14 17:43:00,-1
TRANSFER,2,4,28.27000046,321.2000122,Advance shipping,0,73,Sporting Goods,Astoria,EE. UU.,19369,Corporate,NY,11103.0,2,Fitness,40.76861954,-73.90949249,Pacific Asia,Kota Kinabalu,Malasia,19369,75816,1360,6.559999943,0.02,179131,327.75,0.090000004,1,327.75,321.2000122,28.27000046,Southeast Asia,Sabah,PROCESSING,1360,73,Smart watch ,327.75,0,Standard Class,2018-01-11 17:22:00,2018-01-13 17:22:00,-2
DEBIT,6,4,87.43000031,317.9200134,Late delivery,1,73,Sporting Goods,Gilroy,EE. UU.,19368,Consumer,CA,95020.0,2,Fitness,37.01370621,-121.5893478,Pacific Asia,Jiutai,China,19368,75815,1360,9.829999924,0.029999999,179130,327.75,0.280000001,1,327.75,317.9200134,87.43000031,Eastern Asia,Jilin,COMPLETE,1360,73,Smart watch ,327.75,0,Standard Class,2018-01-11 17:01:00,2018-01-17 17:01:00,2
PAYMENT,5,4,82.75,314.6400146,Late delivery,1,73,Sporting Goods,Caguas,Puerto Rico,19367,Consumer,PR,725.0,2,Fitness,18.21694946,-66.03705597,Pacific Asia,Jiutai,China,19367,75814,1360,13.10999966,0.039999999,179129,327.75,0.25999999,1,327.75,314.6400146,82.75,Eastern Asia,Jilin,PENDING_PAYMENT,1360,73,Smart watch ,327.75,0,Standard Class,2018-01-11 16:40:00,2018-01-16 16:40:00,1
PAYMENT,4,2,116.7600021,311.3599854,Late delivery,1,73,Sporting Goods,Azusa,EE. UU.,19366,Consumer,CA,91702.0,2,Fitness,34.13360977,-117.9058914,Pacific Asia,Singapur,Singapur,19366,75813,1360,16.38999939,0.050000001,179128,327.75,0.379999995,1,327.75,311.3599854,116.7600021,Southeast Asia,Singapur,PAYMENT_REVIEW,1360,73,Smart watch ,327.75,0,Second Class,2018-01-11 16:19:00,2018-01-15 16:19:00,2
PAYMENT,3,2,148.6699982,309.7200012,Late delivery,1,73,Sporting Goods,Caguas,Puerto Rico,19365,Consumer,PR,725.0,2,Fitness,18.28720284,-66.03705597,Pacific Asia,Brisbane,Australia,19365,75812,1360,18.03000069,0.059999999,179127,327.75,0.479999989,1,327.75,309.7200012,148.6699982,Oceania,Queensland,PENDING_PAYMENT,1360,73,Smart watch ,327.75,0,Second Class,2018-01-11 15:58:00,2018-01-14 15:58:00,1
PAYMENT,2,1,-72.54000092,304.8099976,Late delivery,1,73,Sporting Goods,Lenoir,EE. UU.,19364,Consumer,NC,28645.0,2,Fitness,36.11019898,-81.52600861,Pacific Asia,Shantou,China,19364,75811,1360,22.94000053,0.07,179126,327.75,-0.239999995,1,327.75,304.8099976,-72.54000092,Eastern Asia,Guangdong,PENDING_PAYMENT,1360,73,Smart watch ,327.75,0,First Class,2018-01-11 15:37:00,2018-01-13 15:37:00,1
DEBIT,6,2,146.1399994,298.25,Late delivery,1,73,Sporting Goods,Columbus,EE. UU.,19363,Consumer,OH,43228.0,2,Fitness,40.88164902,-81.25228119,Pacific Asia,Shantou,China,19363,75810,1360,29.5,0.090000004,179125,327.75,0.49000001,1,327.75,298.25,146.1399994,Eastern Asia,Guangdong,ON_HOLD,1360,73,Smart watch ,327.75,0,Second Class,2018-01-11 15:16:00,2018-01-17 15:16:00,4
DEBIT,5,2,129.7899933,294.980011,Late delivery,1,73,Sporting Goods,Albany,EE. UU.,19362,Consumer,OR,97321.0,2,Fitness,44.63076019,-123.1084366,Pacific Asia,Shantou,China,19362,75809,1360,32.77999878,0.100000001,179124,327.75,0.439999998,1,327.75,294.980011,129.7899933,Eastern Asia,Guangdong,ON_HOLD,1360,73,Smart watch ,327.75,0,Second Class,2018-01-11 14:55:00,2018-01-16 14:55:00,3
DEBIT,4,2,112.4800034,288.4200134,Late delivery,1,73,Sporting Goods,Humacao,Puerto Rico,19361,Consumer,PR,791.0,2,Fitness,18.1501503,-65.82595062,Pacific Asia,Shantou,China,19361,75808,1360,39.33000183,0.119999997,179123,327.75,0.389999986,1,327.75,288.4200134,112.4800034,Eastern Asia,Guangdong,COMPLETE,1360,73,Smart watch ,327.75,0,Second Class,2018-01-11 14:34:00,2018-01-15 14:34:00,2
PAYMENT,1,0,76.98999786,285.1400146,Late delivery,1,73,Sporting Goods,Caguas,Puerto Rico,19360,Corporate,PR,725.0,2,Fitness,18.24564171,-66.03705597,Pacific Asia,Shantou,China,19360,75807,1360,42.61000061,0.129999995,179122,327.75,0.270000011,1,327.75,285.1400146,76.98999786,Eastern Asia,Guangdong,PENDING_PAYMENT,1360,73,Smart watch ,327.75,0,Same Day,2018-01-11 14:13:00,2018-01-12 02:13:00,1
DEBIT,1,0,75.22000122,278.5899963,Late delivery,1,73,Sporting Goods,Lindenhurst,EE. UU.,19359,Corporate,NY,11757.0,2,Fitness,40.68665695,-73.37553406,Pacific Asia,Shantou,China,19359,75806,1360,49.15999985,0.150000006,179121,327.75,0.270000011,1,327.75,278.5899963,75.22000122,Eastern Asia,Guangdong,COMPLETE,1360,73,Smart watch ,327.75,0,Same Day,2018-01-11 13:52:00,2018-01-12 01:52:00,1
DEBIT,1,0,123.8899994,275.3099976,Late delivery,1,73,Sporting Goods,Elyria,EE. UU.,19358,Corporate,OH,44035.0,2,Fitness,41.42148209,-82.09407044,Pacific Asia,Cairns,Australia,19358,75805,1360,52.43999863,0.159999996,179120,327.75,0.449999988,1,327.75,275.3099976,123.8899994,Oceania,Queensland,COMPLETE,1360,73,Smart watch ,327.75,0,Same Day,2018-01-11 13:31:00,2018-01-12 01:31:00,1
DEBIT,1,0,133.3000031,272.0299988,Late delivery,1,73,Sporting Goods,Caguas,Puerto Rico,19357,Corporate,PR,725.0,2,Fitness,18.20097351,-66.03704834,Pacific Asia,Cairns,Australia,19357,75804,1360,55.72000122,0.170000002,179119,327.75,0.49000001,1,327.75,272.0299988,133.3000031,Oceania,Queensland,COMPLETE,1360,73,Smart watch ,327.75,0,Same Day,2018-01-11 13:10:00,2018-01-12 01:10:00,1
CASH,1,0,90.83999634,268.7600098,Late delivery,1,73,Sporting Goods,Riverside,EE. UU.,19356,Consumer,CA,92504.0,2,Fitness,33.93642426,-117.4205856,Pacific Asia,Brisbane,Australia,19356,75803,1360,59.0,0.180000007,179118,327.75,0.340000004,1,327.75,268.7600098,90.83999634,Oceania,Queensland,CLOSED,1360,73,Smart watch ,327.75,0,Same Day,2018-01-11 12:49:00,2018-01-12 00:49:00,1
TRANSFER,1,0,-43.79000092,262.2000122,Shipping canceled,0,73,Sporting Goods,Caguas,Puerto Rico,19355,Corporate,PR,725.0,2,Fitness,18.29039574,-66.03705597,Pacific Asia,Brisbane,Australia,19355,75802,1360,65.55000305,0.200000003,179117,327.75,-0.170000002,1,327.75,262.2000122,-43.79000092,Oceania,Queensland,SUSPECTED_FRAUD,1360,73,Smart watch ,327.75,0,Same Day,2018-01-11 12:28:00,2018-01-12 00:28:00,1
DEBIT,1,0,92.18000031,245.8099976,Late delivery,1,73,Sporting Goods,Carson,EE. UU.,19354,Home Office,CA,90745.0,2,Fitness,33.83179474,-118.261322,Pacific Asia,Jaipur,India,19354,75801,1360,81.94000244,0.25,179116,327.75,0.379999995,1,327.75,245.8099976,92.18000031,South Asia,Rajastán,COMPLETE,1360,73,Smart watch ,327.75,0,Same Day,2018-01-11 12:06:00,2018-01-12 00:06:00,1
DEBIT,6,4,40.97000122,327.75,Late delivery,1,73,Sporting Goods,Mesa,EE. UU.,19353,Consumer,AZ,85204.0,2,Fitness,33.41001129,-111.7717972,Pacific Asia,Jaipur,India,19353,75800,1360,0.0,0.0,179115,327.75,0.129999995,1,327.75,327.75,40.97000122,South Asia,Rajastán,COMPLETE,1360,73,Smart watch ,327.75,0,Standard Class,2018-01-11 11:45:00,2018-01-17 11:45:00,2
DEBIT,5,4,45.43000031,324.4700012,Late delivery,1,73,Sporting Goods,Caguas,Puerto Rico,19352,Home Office,PR,725.0,2,Fitness,18.26308632,-66.03705597,Pacific Asia,Ho Chi Minh City,Vietnam,19352,75799,1360,3.279999971,0.01,179114,327.75,0.140000001,1,327.75,324.4700012,45.43000031,Southeast Asia,Ciudad Ho Chi Minh,COMPLETE,1360,73,Smart watch ,327.75,0,Standard Class,2018-01-11 11:24:00,2018-01-16 11:24:00,1
TRANSFER,4,4,144.5399933,321.2000122,Shipping on time,0,73,Sporting Goods,Honolulu,EE. UU.,19351,Home Office,HI,96818.0,2,Fitness,21.343153,-157.906601,Pacific Asia,Raipur,India,19351,75798,1360,6.559999943,0.02,179113,327.75,0.449999988,1,327.75,321.2000122,144.5399933,South Asia,Chhattisgarh,PROCESSING,1360,73,Smart watch ,327.75,0,Standard Class,2018-01-11 11:03:00,2018-01-15 11:03:00,0
TRANSFER,3,4,31.79000092,317.9200134,Advance shipping,0,73,Sporting Goods,Caguas,Puerto Rico,19350,Consumer,PR,725.0,2,Fitness,18.26687813,-66.03705597,Pacific Asia,Loudi,China,19350,75797,1360,9.829999924,0.029999999,179112,327.75,0.100000001,1,327.75,317.9200134,31.79000092,Eastern Asia,Hunan,PENDING,1360,73,Smart watch ,327.75,0,Standard Class,2018-01-11 10:42:00,2018-01-14 10:42:00,-1
PAYMENT,6,2,57.59999847,120.0,Late delivery,1,24,Women's Apparel,Caguas,Puerto Rico,8707,Home Office,PR,725.0,5,Golf,18.23131371,-66.37062836,LATAM,Petapa,Guatemala,8707,5895,502,30.0,0.200000003,14667,50.0,0.479999989,3,150.0,120.0,57.59999847,Central America,Guatemala,PENDING_PAYMENT,502,24,Nike Men's Dri-FIT Victory Golf Polo,50.0,0,Second Class,2015-03-28 00:55:00,2015-04-03 00:55:00,4
PAYMENT,6,2,12.71000004,112.5,Late delivery,1,24,Women's Apparel,Caguas,Puerto Rico,12069,Home Office,PR,725.0,5,Golf,18.22298622,-66.37062836,LATAM,Tipitapa,Nicaragua,12069,3130,502,37.5,0.25,7792,50.0,0.109999999,3,150.0,112.5,12.71000004,Central America,Managua,PENDING_PAYMENT,502,24,Nike Men's Dri-FIT Victory Golf Polo,50.0,0,Second Class,2015-02-15 16:13:00,2015-02-21 16:13:00,4
PAYMENT,2,2,95.62000275,254.9700012,Shipping on time,0,9,Cardio Equipment,Caguas,Puerto Rico,9597,Home Office,PR,725.0,3,Footwear,18.24115372,-66.37056732,Pacific Asia,Tabuk,Arabia Saudí,9597,49521,191,45.0,0.150000006,123770,99.98999786,0.379999995,3,299.9700012,254.9700012,95.62000275,West Asia,Tabuk,PAYMENT_REVIEW,191,9,Nike Men's Free 5.0+ Running Shoe,99.98999786,0,Second Class,2016-12-23 21:03:00,2016-12-25 21:03:00,0
PAYMENT,6,2,35.33000183,113.9700012,Late delivery,1,29,Shop By Sport,Caguas,Puerto Rico,9702,Home Office,PR,725.0,5,Golf,18.27383804,-66.37063599,Pacific Asia,Manukau City,Nueva Zelanda,9702,30305,627,6.0,0.050000001,75732,39.99000168,0.310000002,3,119.9700012,113.9700012,35.33000183,Oceania,Auckland,PAYMENT_REVIEW,627,29,Under Armour Girls' Toddler Spine Surge Runni,39.99000168,0,Second Class,2016-03-18 08:50:00,2016-03-24 08:50:00,4
PAYMENT,5,2,-19.12000084,254.9700012,Late delivery,1,9,Cardio Equipment,Caguas,Puerto Rico,1362,Home Office,PR,725.0,3,Footwear,18.29496765,-66.37050629,Pacific Asia,Estambul,Turquía,1362,50054,191,45.0,0.150000006,125134,99.98999786,-0.079999998,3,299.9700012,254.9700012,-19.12000084,West Asia,Estambul,PENDING_PAYMENT,191,9,Nike Men's Free 5.0+ Running Shoe,99.98999786,0,Second Class,2016-12-31 15:47:00,2017-01-05 15:47:00,3
PAYMENT,3,2,28.51000023,178.1699982,Late delivery,1,17,Cleats,Caguas,Puerto Rico,9467,Home Office,PR,725.0,4,Apparel,18.24503517,-66.3706131,Pacific Asia,Yakarta,Indonesia,9467,27772,365,1.799999952,0.01,69517,59.99000168,0.159999996,3,179.9700012,178.1699982,28.51000023,Southeast Asia,Yakarta,PENDING_PAYMENT,365,17,Perfect Fitness Perfect Rip Deck,59.99000168,0,Second Class,2016-02-10 09:25:00,2016-02-13 09:25:00,1
PAYMENT,3,2,12.96000004,172.7700043,Late delivery,1,17,Cleats,Caguas,Puerto Rico,9114,Home Office,PR,725.0,4,Apparel,18.2848053,-66.37059021,Pacific Asia,Ulan Bator,Mongolia,9114,47752,365,7.199999809,0.039999999,119406,59.99000168,0.079999998,3,179.9700012,172.7700043,12.96000004,Eastern Asia,Ulán Bator,PENDING_PAYMENT,365,17,Perfect Fitness Perfect Rip Deck,59.99000168,0,Second Class,2016-11-28 01:18:00,2016-12-01 01:18:00,1
PAYMENT,2,2,36.22999954,170.0700073,Shipping on time,0,17,Cleats,Caguas,Puerto Rico,2546,Home Office,PR,725.0,4,Apparel,18.20116615,-66.37051392,Pacific Asia,Tangerang,Indonesia,2546,31296,365,9.899999619,0.059999999,78230,59.99000168,0.209999993,3,179.9700012,170.0700073,36.22999954,Southeast Asia,Java Occidental,PENDING_PAYMENT,365,17,Perfect Fitness Perfect Rip Deck,59.99000168,0,Second Class,2016-04-01 20:01:00,2016-04-03 20:01:00,0
PAYMENT,2,2,6.21999979,163.7700043,Shipping on time,0,17,Cleats,Caguas,Puerto Rico,2240,Home Office,PR,725.0,4,Apparel,18.28177071,-66.3705368,Pacific Asia,Shenzhen,China,2240,22076,365,16.20000076,0.090000004,55227,59.99000168,0.039999999,3,179.9700012,163.7700043,6.21999979,Eastern Asia,Guangdong,PENDING_PAYMENT,365,17,Perfect Fitness Perfect Rip Deck,59.99000168,0,Second Class,2015-11-19 05:51:00,2015-11-21 05:51:00,0
PAYMENT,6,2,-102.0299988,152.9700012,Late delivery,1,17,Cleats,Caguas,Puerto Rico,11650,Home Office,PR,725.0,4,Apparel,18.22202492,-66.37055969,Pacific Asia,Brisbane,Australia,11650,25665,365,27.0,0.150000006,64279,59.99000168,-0.670000017,3,179.9700012,152.9700012,-102.0299988,Oceania,Queensland,PENDING_PAYMENT,365,17,Perfect Fitness Perfect Rip Deck,59.99000168,0,Second Class,2016-01-10 15:14:00,2016-01-16 15:14:00,4
PAYMENT,2,2,64.5,150.0,Shipping on time,0,24,Women's Apparel,Caguas,Puerto Rico,2546,Home Office,PR,725.0,5,Golf,18.20116615,-66.37051392,Pacific Asia,Tangerang,Indonesia,2546,31296,502,0.0,0.0,78229,50.0,0.430000007,3,150.0,150.0,64.5,Southeast Asia,Java Occidental,PENDING_PAYMENT,502,24,Nike Men's Dri-FIT Victory Golf Polo,50.0,0,Second Class,2016-04-01 20:01:00,2016-04-03 20:01:00,0
PAYMENT,5,2,44.15000153,95.98000336,Late delivery,1,29,Shop By Sport,Caguas,Puerto Rico,10368,Home Office,PR,725.0,5,Golf,18.21871948,-66.37054443,Pacific Asia,Sydney,Australia,10368,22819,627,23.98999977,0.200000003,57115,39.99000168,0.460000008,3,119.9700012,95.98000336,44.15000153,Oceania,Nueva Gales del Sur,PENDING_PAYMENT,627,29,Under Armour Girls' Toddler Spine Surge Runni,39.99000168,0,Second Class,2015-11-30 02:09:00,2015-12-05 02:09:00,3
PAYMENT,5,2,-4.110000134,65.30999756,Late delivery,1,41,Trade-In,Caguas,Puerto Rico,6489,Home Office,PR,725.0,6,Outdoors,18.25518417,-66.3706131,Pacific Asia,Newcastle,Australia,6489,27099,917,0.660000026,0.01,67904,21.98999977,-0.059999999,3,65.97000122,65.30999756,-4.110000134,Oceania,Nueva Gales del Sur,PENDING_PAYMENT,917,41,Glove It Women's Mod Oval 3-Zip Carry All Gol,21.98999977,0,Second Class,2016-01-31 13:38:00,2016-02-05 13:38:00,3
PAYMENT,3,2,-57.56000137,35.97999954,Late delivery,1,41,Trade-In,Caguas,Puerto Rico,10533,Home Office,PR,725.0,6,Outdoors,18.29124832,-66.37056732,Pacific Asia,Aurangabad,India,10533,28292,924,11.98999977,0.25,70772,15.98999977,-1.600000024,3,47.97000122,35.97999954,-57.56000137,South Asia,Bihar,PENDING_PAYMENT,924,41,Glove It Urban Brick Golf Towel,15.98999977,0,Second Class,2016-02-17 23:35:00,2016-02-20 23:35:00,1
PAYMENT,5,2,28.18000031,156.5700073,Late delivery,1,17,Cleats,Caguas,Puerto Rico,11292,Home Office,PR,725.0,4,Apparel,18.23452568,-66.37062073,USCA,Seattle,Estados Unidos,11292,39159,365,23.39999962,0.129999995,97738,59.99000168,0.180000007,3,179.9700012,156.5700073,28.18000031,West of USA ,Washington,PAYMENT_REVIEW,365,17,Perfect Fitness Perfect Rip Deck,59.99000168,0,Second Class,2016-07-25 14:47:00,2016-07-30 14:47:00,3
PAYMENT,6,2,34.41999817,114.7200012,Late delivery,1,6,Tennis & Racquet,Caguas,Puerto Rico,7864,Home Office,PR,725.0,2,Fitness,18.28279495,-66.37055969,USCA,San Francisco,Estados Unidos,7864,32090,116,20.25,0.150000006,80251,44.99000168,0.300000012,3,134.9700012,114.7200012,34.41999817,West of USA ,California,PENDING_PAYMENT,116,6,Nike Men's Comfort 2 Slide,44.99000168,0,Second Class,2016-04-13 10:12:00,2016-04-19 10:12:00,4
PAYMENT,2,2,-215.4799957,293.9700012,Shipping on time,0,9,Cardio Equipment,Caguas,Puerto Rico,47,Home Office,PR,725.0,3,Footwear,18.22754669,-66.04360199,USCA,Oakland,Estados Unidos,47,34631,191,6.0,0.02,86490,99.98999786,-0.730000019,3,299.9700012,293.9700012,-215.4799957,West of USA ,California,PENDING_PAYMENT,191,9,Nike Men's Free 5.0+ Running Shoe,99.98999786,0,Second Class,2016-05-20 12:25:00,2016-05-22 12:25:00,0
PAYMENT,5,2,72.52999878,278.9700012,Late delivery,1,9,Cardio Equipment,Caguas,Puerto Rico,6405,Home Office,PR,725.0,3,Footwear,18.28764534,-66.3706131,USCA,New York City,Estados Unidos,6405,37669,191,21.0,0.07,94024,99.98999786,0.25999999,3,299.9700012,278.9700012,72.52999878,East of USA,Nueva York,PENDING_PAYMENT,191,9,Nike Men's Free 5.0+ Running Shoe,99.98999786,0,Second Class,2016-07-03 20:46:00,2016-07-08 20:46:00,3
PAYMENT,5,2,53.54000092,152.9700012,Late delivery,1,17,Cleats,Caguas,Puerto Rico,6405,Home Office,PR,725.0,4,Apparel,18.28764534,-66.3706131,USCA,New York City,Estados Unidos,6405,37669,365,27.0,0.150000006,94022,59.99000168,0.349999994,3,179.9700012,152.9700012,53.54000092,East of USA,Nueva York,PENDING_PAYMENT,365,17,Perfect Fitness Perfect Rip Deck,59.99000168,0,Second Class,2016-07-03 20:46:00,2016-07-08 20:46:00,3
PAYMENT,4,2,66.93000031,145.5,Late delivery,1,24,Women's Apparel,Caguas,Puerto Rico,11169,Home Office,PR,725.0,5,Golf,18.27466202,-66.37058258,USCA,Overland Park,Estados Unidos,11169,34773,502,4.5,0.029999999,86867,50.0,0.460000008,3,150.0,145.5,66.93000031,US Center ,Kansas,PENDING_PAYMENT,502,24,Nike Men's Dri-FIT Victory Golf Polo,50.0,0,Second Class,2016-05-22 14:10:00,2016-05-26 14:10:00,2
PAYMENT,6,2,13.94999981,139.5,Late delivery,1,24,Women's Apparel,Caguas,Puerto Rico,2426,Home Office,PR,725.0,5,Golf,18.23387528,-66.3705368,USCA,Monroe,Estados Unidos,2426,40085,502,10.5,0.07,100038,50.0,0.100000001,3,150.0,139.5,13.94999981,South of  USA ,Carolina del Norte,PENDING_PAYMENT,502,24,Nike Men's Dri-FIT Victory Golf Polo,50.0,0,Second Class,2016-08-08 03:12:00,2016-08-14 03:12:00,4
PAYMENT,3,2,59.13000107,335.9700012,Late delivery,1,9,Cardio Equipment,Caguas,Puerto Rico,8133,Home Office,PR,725.0,3,Footwear,18.2833519,-66.37052155,Africa,Potchefstroom,SudAfrica,8133,47262,191,63.99000168,0.159999996,118161,99.98999786,0.180000007,4,399.9599915,335.9700012,59.13000107,Southern Africa,Noroeste,PAYMENT_REVIEW,191,9,Nike Men's Free 5.0+ Running Shoe,99.98999786,0,Second Class,2016-11-20 21:38:00,2016-11-23 21:38:00,1
PAYMENT,2,2,42.99000168,122.8399963,Shipping on time,0,37,Electronics,Caguas,Puerto Rico,1429,Home Office,PR,725.0,6,Outdoors,18.2248497,-66.37051392,Africa,Cape Town,SudAfrica,1429,44771,835,5.119999886,0.039999999,111824,31.98999977,0.349999994,4,127.9599991,122.8399963,42.99000168,Southern Africa,Cabo Occidental,PENDING_PAYMENT,835,37,Bridgestone e6 Straight Distance NFL Carolina,31.98999977,0,Second Class,2016-10-15 12:55:00,2016-10-17 12:55:00,0
PAYMENT,6,2,138.5899963,395.9599915,Late delivery,1,9,Cardio Equipment,Caguas,Puerto Rico,9120,Home Office,PR,725.0,3,Footwear,18.26249504,-66.3705368,Europe,Wiesbaden,Alemania,9120,13890,191,4.0,0.01,34783,99.98999786,0.349999994,4,399.9599915,395.9599915,138.5899963,Western Europe,Hesse,PENDING_PAYMENT,191,9,Nike Men's Free 5.0+ Running Shoe,99.98999786,0,Second Class,2015-07-22 17:56:00,2015-07-28 17:56:00,4
PAYMENT,2,2,0.0,126.6800003,Shipping on time,0,13,Electronics,Caguas,Puerto Rico,12221,Home Office,PR,725.0,3,Footwear,18.23684692,-66.37060547,Europe,Montpellier,Francia,12221,17071,276,1.279999971,0.01,42688,31.98999977,0.0,4,127.9599991,126.6800003,0.0,Western Europe,Languedoc-Rosellón-Mediodía-Pirineos,PENDING_PAYMENT,276,13,Under Armour Women's Ignite Slide,31.98999977,0,Second Class,2015-09-07 04:22:00,2015-09-09 04:22:00,0
PAYMENT,2,2,141.1100006,391.9599915,Shipping on time,0,9,Cardio Equipment,Caguas,Puerto Rico,9415,Home Office,PR,725.0,3,Footwear,18.24496269,-66.37059021,Europe,Munich,Alemania,9415,11321,191,8.0,0.02,28304,99.98999786,0.360000014,4,399.9599915,391.9599915,141.1100006,Western Europe,Bavaria,PENDING_PAYMENT,191,9,Nike Men's Free 5.0+ Running Shoe,99.98999786,0,Second Class,2015-06-15 05:54:00,2015-06-17 05:54:00,0
PAYMENT,4,2,77.05000305,227.9600067,Late delivery,1,17,Cleats,Caguas,Puerto Rico,10018,Home Office,PR,725.0,4,Apparel,18.24069786,-66.37055969,Europe,Portsmouth,Reino Unido,10018,64813,365,12.0,0.050000001,162010,59.99000168,0.340000004,4,239.9600067,227.9600067,77.05000305,Northern Europe,Inglaterra,PENDING_PAYMENT,365,17,Perfect Fitness Perfect Rip Deck,59.99000168,0,Second Class,2017-08-04 02:31:00,2017-08-08 02:31:00,2
PAYMENT,3,2,58.45000076,201.5700073,Late delivery,1,17,Cleats,Caguas,Puerto Rico,54,Home Office,PR,725.0,4,Apparel,18.02538109,-66.61508179,Europe,Eastbourne,Reino Unido,54,17162,365,38.38999939,0.159999996,42917,59.99000168,0.289999992,4,239.9600067,201.5700073,58.45000076,Northern Europe,Inglaterra,PENDING_PAYMENT,365,17,Perfect Fitness Perfect Rip Deck,59.99000168,0,Second Class,2015-09-08 12:15:00,2015-09-11 12:15:00,1
PAYMENT,3,2,17.73999977,201.5700073,Late delivery,1,17,Cleats,Caguas,Puerto Rico,542,Home Office,PR,725.0,4,Apparel,18.35921478,-66.07779694,Europe,Dortmund,Alemania,542,12827,365,38.38999939,0.159999996,32070,59.99000168,0.090000004,4,239.9600067,201.5700073,17.73999977,Western Europe,Renania del Norte-Westfalia,PENDING_PAYMENT,365,17,Perfect Fitness Perfect Rip Deck,59.99000168,0,Second Class,2015-07-07 05:31:00,2015-07-10 05:31:00,1
PAYMENT,2,2,-146.6000061,200.0,Shipping on time,0,24,Women's Apparel,Caguas,Puerto Rico,724,Home Office,PR,725.0,5,Golf,18.2275734,-66.0435791,Europe,Bobigny,Francia,724,11936,502,0.0,0.0,29833,50.0,-0.730000019,4,200.0,200.0,-146.6000061,Western Europe,Isla de Francia,PENDING_PAYMENT,502,24,Nike Men's Dri-FIT Victory Golf Polo,50.0,0,Second Class,2015-06-24 05:21:00,2015-06-26 05:21:00,0
PAYMENT,3,2,54.86999893,156.7599945,Late delivery,1,29,Shop By Sport,Caguas,Puerto Rico,8897,Home Office,PR,725.0,5,Golf,18.20705986,-66.37054443,Europe,Lille,Francia,8897,68337,627,3.200000048,0.02,170841,39.99000168,0.349999994,4,159.9600067,156.7599945,54.86999893,Western Europe,Norte-Paso de Calais-Picardía,PENDING_PAYMENT,627,29,Under Armour Girls' Toddler Spine Surge Runni,39.99000168,0,Second Class,2017-09-24 13:08:00,2017-09-27 13:08:00,1
PAYMENT,2,2,83.59999847,190.0,Shipping on time,0,24,Women's Apparel,Caguas,Puerto Rico,7112,Home Office,PR,725.0,5,Golf,18.24979973,-66.37058258,Europe,Giurgiu,Rumania,7112,45746,502,10.0,0.050000001,114342,50.0,0.439999998,4,200.0,190.0,83.59999847,Eastern Europe,Giurgiu,PENDING_PAYMENT,502,24,Nike Men's Dri-FIT Victory Golf Polo,50.0,0,Second Class,2016-10-29 18:30:00,2016-10-31 18:30:00,0
PAYMENT,4,2,85.05000305,189.0,Late delivery,1,24,Women's Apparel,Caguas,Puerto Rico,10018,Home Office,PR,725.0,5,Golf,18.24069786,-66.37055969,Europe,Portsmouth,Reino Unido,10018,64813,502,11.0,0.059999999,162011,50.0,0.449999988,4,200.0,189.0,85.05000305,Northern Europe,Inglaterra,PENDING_PAYMENT,502,24,Nike Men's Dri-FIT Victory Golf Polo,50.0,0,Second Class,2017-08-04 02:31:00,2017-08-08 02:31:00,2
PAYMENT,2,2,-148.8000031,186.0,Shipping on time,0,24,Women's Apparel,Caguas,Puerto Rico,1086,Home Office,PR,725.0,5,Golf,18.27879143,-66.37057495,Europe,Tamworth,Reino Unido,1086,13736,502,14.0,0.07,34400,50.0,-0.800000012,4,200.0,186.0,-148.8000031,Northern Europe,Inglaterra,PENDING_PAYMENT,502,24,Nike Men's Dri-FIT Victory Golf Polo,50.0,0,Second Class,2015-07-20 11:58:00,2015-07-22 11:58:00,0
PAYMENT,3,2,-33.91999817,145.5599976,Late delivery,1,29,Shop By Sport,Caguas,Puerto Rico,7112,Home Office,PR,725.0,5,Golf,18.24979973,-66.37058258,Europe,Lviv,Ucrania,7112,49622,627,14.39999962,0.090000004,124032,39.99000168,-0.230000004,4,159.9600067,145.5599976,-33.91999817,Eastern Europe,Lviv,PENDING_PAYMENT,627,29,Under Armour Girls' Toddler Spine Surge Runni,39.99000168,0,Second Class,2016-12-25 08:26:00,2016-12-28 08:26:00,1
PAYMENT,5,2,68.40000153,180.0,Late delivery,1,24,Women's Apparel,Caguas,Puerto Rico,2916,Home Office,PR,725.0,5,Golf,18.24411583,-66.37062836,Europe,London,Reino Unido,2916,19444,502,20.0,0.100000001,48596,50.0,0.379999995,4,200.0,180.0,68.40000153,Northern Europe,Inglaterra,PENDING_PAYMENT,502,24,Nike Men's Dri-FIT Victory Golf Polo,50.0,0,Second Class,2015-10-11 19:44:00,2015-10-16 19:44:00,3
PAYMENT,2,2,37.11000061,127.9700012,Shipping on time,0,29,Shop By Sport,Caguas,Puerto Rico,11329,Home Office,PR,725.0,5,Golf,18.29944229,-66.37052155,Europe,Drancy,Francia,11329,63936,627,31.98999977,0.200000003,159827,39.99000168,0.289999992,4,159.9600067,127.9700012,37.11000061,Western Europe,Isla de Francia,PENDING_PAYMENT,627,29,Under Armour Girls' Toddler Spine Surge Runni,39.99000168,0,Second Class,2017-07-22 07:16:00,2017-07-24 07:16:00,0
PAYMENT,3,2,-25.48999977,84.97000122,Late delivery,1,40,Accessories,Caguas,Puerto Rico,7112,Home Office,PR,725.0,6,Outdoors,18.24979973,-66.37058258,Europe,Lviv,Ucrania,7112,49622,893,14.98999977,0.150000006,124029,24.98999977,-0.300000012,4,99.95999908,84.97000122,-25.48999977,Eastern Europe,Lviv,PENDING_PAYMENT,893,40,Team Golf Pittsburgh Steelers Putter Grip,24.98999977,0,Second Class,2016-12-25 08:26:00,2016-12-28 08:26:00,1
PAYMENT,2,2,186.1000061,395.9599915,Shipping on time,0,9,Cardio Equipment,Caguas,Puerto Rico,11339,Home Office,PR,725.0,3,Footwear,18.24774361,-66.37059784,LATAM,Villa Nueva,Guatemala,11339,51911,191,4.0,0.01,129710,99.98999786,0.469999999,4,399.9599915,395.9599915,186.1000061,Central America,Guatemala,PENDING_PAYMENT,191,9,Nike Men's Free 5.0+ Running Shoe,99.98999786,0,Second Class,2017-01-27 18:23:00,2017-01-29 18:23:00,0
PAYMENT,5,2,38.41999817,339.9700012,Late delivery,1,9,Cardio Equipment,Caguas,Puerto Rico,10166,Home Office,PR,725.0,3,Footwear,18.26596832,-66.37063599,LATAM,Santo Domingo,República Dominicana,10166,58239,191,59.99000168,0.150000006,145723,99.98999786,0.109999999,4,399.9599915,339.9700012,38.41999817,Caribbean,Santo Domingo,PENDING_PAYMENT,191,9,Nike Men's Free 5.0+ Running Shoe,99.98999786,0,Second Class,2017-04-30 03:21:00,2017-05-05 03:21:00,3
PAYMENT,4,2,131.0299988,335.9700012,Late delivery,1,9,Cardio Equipment,Caguas,Puerto Rico,3091,Home Office,PR,725.0,3,Footwear,18.20471764,-66.37059021,LATAM,Hidalgo,México,3091,56678,191,63.99000168,0.159999996,141753,99.98999786,0.389999986,4,399.9599915,335.9700012,131.0299988,Central America,Michoacán,PENDING_PAYMENT,191,9,Nike Men's Free 5.0+ Running Shoe,99.98999786,0,Second Class,2017-04-07 08:28:00,2017-04-11 08:28:00,2
PAYMENT,3,2,93.58000183,239.9600067,Late delivery,1,17,Cleats,Caguas,Puerto Rico,5007,Home Office,PR,725.0,4,Apparel,18.24984551,-66.37050629,LATAM,Irapuato,México,5007,53202,365,0.0,0.0,132933,59.99000168,0.389999986,4,239.9600067,239.9600067,93.58000183,Central America,Guanajuato,PENDING_PAYMENT,365,17,Perfect Fitness Perfect Rip Deck,59.99000168,0,Second Class,2017-02-15 14:40:00,2017-02-18 14:40:00,1
